Container ID,Commodity,Temperature,Humidity,Timestamp,Vibration,Battery
ATM0001,Avocado,2.37,57.44,2026-07-25 21:27:02.737171,9,81
ATM0002,Avocado,2.59,69.91,2026-07-25 21:27:02.737179,10,88
ATM0003,Avocado,6.38,54.83,2026-07-25 21:27:02.737184,9,88
ATM0004,Avocado,4.75,64.4,2026-07-25 21:27:02.737187,15,90
ATM0005,Avocado,4.6,58.06,2026-07-25 21:27:02.737190,1,98
ATM0006,Avocado,6.01,64.42,2026-07-25 21:27:02.737193,9,83
ATM0007,Avocado,6.04,62.89,2026-07-25 21:27:02.737195,10,95
ATM0008,Avocado,7.26,67.42,2026-07-25 21:27:02.737198,8,97
ATM0009,Avocado,2.41,52.17,2026-07-25 21:27:02.737202,4,84
ATM0010,Avocado,5.23,54.43,2026-07-25 21:27:02.737205,10,94
ATM0011,Avocado,6.68,43.86,2026-07-25 21:27:02.737208,8,98
ATM0012,Avocado,6.28,45.67,2026-07-25 21:27:02.737211,11,80
ATM0013,Avocado,2.2,69.48,2026-07-25 21:27:02.737213,8,96
ATM0014,Avocado,7.72,45.4,2026-07-25 21:27:02.737216,7,94
ATM0015,Avocado,7.38,69.68,2026-07-25 21:27:02.737219,8,92
ATM0016,Avocado,2.31,65.84,2026-07-25 21:27:02.737221,6,97
ATM0017,Avocado,6.42,64.18,2026-07-25 21:27:02.737224,4,83
ATM0018,Avocado,3.37,60.04,2026-07-25 21:27:02.737226,15,98
ATM0019,Avocado,4.3,49.01,2026-07-25 21:27:02.737229,13,81
ATM0020,Avocado,2.03,64.02,2026-07-25 21:27:02.737232,15,81
ATM0021,Avocado,5.3,55.05,2026-07-25 21:27:02.737234,1,94
ATM0022,Avocado,4.08,63.55,2026-07-25 21:27:02.737237,6,94
ATM0023,Avocado,3.21,41.48,2026-07-25 21:27:02.737239,10,95
ATM0024,Avocado,7.71,41.06,2026-07-25 21:27:02.737242,9,92
ATM0025,Avocado,3.94,43.66,2026-07-25 21:27:02.737244,7,92
ATM0026,Avocado,3.31,53.06,2026-07-25 21:27:02.737247,6,81
ATM0027,Avocado,7.41,42.19,2026-07-25 21:27:02.737249,5,91
ATM0028,Avocado,2.38,65.26,2026-07-25 21:27:02.737252,14,97
ATM0029,Avocado,2.01,49.08,2026-07-25 21:27:02.737255,14,83
ATM0030,Avocado,6.75,60.09,2026-07-25 21:27:02.737257,3,91
ATM0031,Avocado,3.79,66.63,2026-07-25 21:27:02.737260,14,89
ATM0032,Avocado,3.84,48.32,2026-07-25 21:27:02.737262,5,87
ATM0033,Avocado,2.19,41.71,2026-07-25 21:27:02.737265,7,96
ATM0034,Avocado,3.81,53.84,2026-07-25 21:27:02.737267,11,96
ATM0035,Avocado,3.72,47.48,2026-07-25 21:27:02.737270,11,83
ATM0036,Avocado,7.85,55.66,2026-07-25 21:27:02.737272,5,92
ATM0037,Avocado,2.98,47.42,2026-07-25 21:27:02.737275,4,85
ATM0038,Avocado,3.14,67.59,2026-07-25 21:27:02.737277,11,81
ATM0039,Avocado,5.3,52.81,2026-07-25 21:27:02.737280,12,100
ATM0040,Avocado,5.44,56.7,2026-07-25 21:27:02.737283,1,98
ATM0041,Avocado,4.77,46.87,2026-07-25 21:27:02.737285,9,89
ATM0042,Avocado,2.28,53.28,2026-07-25 21:27:02.737288,3,82
ATM0043,Avocado,4.28,40.52,2026-07-25 21:27:02.737290,1,100
ATM0044,Avocado,6.18,60.79,2026-07-25 21:27:02.737293,15,86
ATM0045,Avocado,7.7,49.16,2026-07-25 21:27:02.737295,4,88
ATM0046,Avocado,6.54,63.47,2026-07-25 21:27:02.737298,13,99
ATM0047,Avocado,5.01,59.49,2026-07-25 21:27:02.737300,12,85
ATM0048,Avocado,7.14,51.94,2026-07-25 21:27:02.737303,2,80
ATM0049,Avocado,3.91,63.11,2026-07-25 21:27:02.737306,1,100
ATM0050,Avocado,6.97,64.23,2026-07-25 21:27:02.737308,10,96
ATM0051,Avocado,3.42,61.44,2026-07-25 21:27:02.737311,15,80
ATM0052,Avocado,2.64,56.39,2026-07-25 21:27:02.737313,12,90
ATM0053,Avocado,4.05,61.23,2026-07-25 21:27:02.737316,13,99
ATM0054,Avocado,7.84,47.66,2026-07-25 21:27:02.737318,7,89
ATM0055,Avocado,6.44,63.16,2026-07-25 21:27:02.737321,10,90
ATM0056,Avocado,4.94,40.91,2026-07-25 21:27:02.737324,11,87
ATM0057,Avocado,5.84,47.23,2026-07-25 21:27:02.737326,8,87
ATM0058,Avocado,4.8,64.31,2026-07-25 21:27:02.737329,1,97
ATM0059,Avocado,4.6,46.07,2026-07-25 21:27:02.737331,15,85
ATM0060,Avocado,2.19,63.63,2026-07-25 21:27:02.737334,2,93
ATM0061,Avocado,5.28,68.04,2026-07-25 21:27:02.737336,8,93
ATM0062,Avocado,6.51,58.95,2026-07-25 21:27:02.737339,8,98
ATM0063,Avocado,5.88,68.63,2026-07-25 21:27:02.737341,1,96
ATM0064,Avocado,7.91,47.58,2026-07-25 21:27:02.737344,15,85
ATM0065,Avocado,6.65,62.69,2026-07-25 21:27:02.737346,13,82
ATM0066,Avocado,7.74,63.12,2026-07-25 21:27:02.737349,1,95
ATM0067,Avocado,5.66,57.09,2026-07-25 21:27:02.737351,7,100
ATM0068,Avocado,7.02,43.09,2026-07-25 21:27:02.737354,3,84
ATM0069,Avocado,3.18,59.1,2026-07-25 21:27:02.737356,8,93
ATM0070,Avocado,7.74,52.44,2026-07-25 21:27:02.737359,12,83
ATM0071,Avocado,2.29,42.09,2026-07-25 21:27:02.737361,2,97
ATM0072,Avocado,6.3,48.0,2026-07-25 21:27:02.737364,10,85
ATM0073,Avocado,3.26,53.22,2026-07-25 21:27:02.737366,1,86
ATM0074,Avocado,6.76,68.14,2026-07-25 21:27:02.737369,5,96
ATM0075,Avocado,7.5,67.19,2026-07-25 21:27:02.737371,4,88
ATM0076,Avocado,4.87,56.67,2026-07-25 21:27:02.737374,1,86
ATM0077,Avocado,5.77,58.83,2026-07-25 21:27:02.737377,9,94
ATM0078,Avocado,3.75,56.64,2026-07-25 21:27:02.737380,11,89
ATM0079,Avocado,5.49,59.43,2026-07-25 21:27:02.737382,7,88
ATM0080,Avocado,5.06,62.42,2026-07-25 21:27:02.737385,8,88
ATM0081,Avocado,7.85,51.08,2026-07-25 21:27:02.737387,9,87
ATM0082,Avocado,4.08,57.96,2026-07-25 21:27:02.737390,2,97
ATM0083,Avocado,4.45,65.69,2026-07-25 21:27:02.737392,4,95
ATM0084,Avocado,4.09,68.31,2026-07-25 21:27:02.737395,11,92
ATM0085,Avocado,4.15,53.61,2026-07-25 21:27:02.737397,8,84
ATM0086,Avocado,2.14,55.58,2026-07-25 21:27:02.737400,4,99
ATM0087,Avocado,6.58,57.56,2026-07-25 21:27:02.737402,6,82
ATM0088,Avocado,6.86,43.72,2026-07-25 21:27:02.737405,3,93
ATM0089,Avocado,5.57,68.8,2026-07-25 21:27:02.737407,11,86
ATM0090,Avocado,7.85,61.41,2026-07-25 21:27:02.737410,5,89
ATM0091,Avocado,3.71,46.73,2026-07-25 21:27:02.737412,10,86
ATM0092,Avocado,4.1,44.91,2026-07-25 21:27:02.737414,13,100
ATM0093,Avocado,6.02,67.16,2026-07-25 21:27:02.737417,14,85
ATM0094,Avocado,6.46,52.19,2026-07-25 21:27:02.737420,9,100
ATM0095,Avocado,6.86,45.44,2026-07-25 21:27:02.737422,13,95
ATM0096,Avocado,7.07,62.24,2026-07-25 21:27:02.737425,3,91
ATM0097,Avocado,3.81,52.65,2026-07-25 21:27:02.737427,2,92
ATM0098,Avocado,4.53,57.03,2026-07-25 21:27:02.737430,6,80
ATM0099,Avocado,3.17,65.52,2026-07-25 21:27:02.737432,11,83
ATM0100,Avocado,4.2,69.7,2026-07-25 21:27:02.737435,10,97
ATM0101,Avocado,7.39,64.1,2026-07-25 21:27:02.737438,6,93
ATM0102,Avocado,3.06,57.89,2026-07-25 21:27:02.737440,4,94
ATM0103,Avocado,3.89,52.21,2026-07-25 21:27:02.737443,10,91
ATM0104,Avocado,7.15,57.59,2026-07-25 21:27:02.737445,12,93
ATM0105,Avocado,4.18,67.88,2026-07-25 21:27:02.737448,9,97
ATM0106,Avocado,7.42,43.3,2026-07-25 21:27:02.737450,10,93
ATM0107,Avocado,2.06,63.58,2026-07-25 21:27:02.737453,2,87
ATM0108,Avocado,5.18,49.12,2026-07-25 21:27:02.737455,8,89
ATM0109,Avocado,5.33,40.19,2026-07-25 21:27:02.737458,1,85
ATM0110,Avocado,5.39,58.91,2026-07-25 21:27:02.737460,9,85
ATM0111,Avocado,4.22,48.58,2026-07-25 21:27:02.737463,1,93
ATM0112,Avocado,2.65,68.22,2026-07-25 21:27:02.737465,5,86
ATM0113,Avocado,2.66,45.47,2026-07-25 21:27:02.737468,9,94
ATM0114,Avocado,2.62,48.06,2026-07-25 21:27:02.737470,2,98
ATM0115,Avocado,3.86,50.33,2026-07-25 21:27:02.737473,1,100
ATM0116,Avocado,6.11,62.56,2026-07-25 21:27:02.737475,10,84
ATM0117,Avocado,4.07,67.06,2026-07-25 21:27:02.737478,13,94
ATM0118,Avocado,7.05,67.08,2026-07-25 21:27:02.737480,1,92
ATM0119,Avocado,4.57,60.23,2026-07-25 21:27:02.737483,1,95
ATM0120,Avocado,6.56,56.03,2026-07-25 21:27:02.737485,11,97
ATM0121,Avocado,5.18,46.52,2026-07-25 21:27:02.737488,2,95
ATM0122,Avocado,6.07,55.23,2026-07-25 21:27:02.737490,14,92
ATM0123,Avocado,2.5,52.25,2026-07-25 21:27:02.737493,2,88
ATM0124,Avocado,5.86,62.28,2026-07-25 21:27:02.737495,1,96
ATM0125,Avocado,7.16,56.17,2026-07-25 21:27:02.737498,5,82
ATM0126,Avocado,5.12,63.5,2026-07-25 21:27:02.737500,2,94
ATM0127,Avocado,6.92,61.58,2026-07-25 21:27:02.737503,2,96
ATM0128,Avocado,6.97,50.36,2026-07-25 21:27:02.737505,2,91
ATM0129,Avocado,6.17,63.22,2026-07-25 21:27:02.737508,15,84
ATM0130,Avocado,6.96,69.17,2026-07-25 21:27:02.737511,5,86
ATM0131,Avocado,7.23,65.06,2026-07-25 21:27:02.737513,6,90
ATM0132,Avocado,6.0,61.33,2026-07-25 21:27:02.737516,9,98
ATM0133,Avocado,4.26,40.68,2026-07-25 21:27:02.737518,15,87
ATM0134,Avocado,2.48,60.88,2026-07-25 21:27:02.737521,9,97
ATM0135,Avocado,6.44,52.62,2026-07-25 21:27:02.737523,15,91
ATM0136,Avocado,5.47,48.02,2026-07-25 21:27:02.737529,1,95
ATM0137,Avocado,7.06,60.4,2026-07-25 21:27:02.737532,1,89
ATM0138,Avocado,2.89,49.63,2026-07-25 21:27:02.737535,2,90
ATM0139,Avocado,5.73,44.88,2026-07-25 21:27:02.737537,6,83
ATM0140,Avocado,3.36,65.93,2026-07-25 21:27:02.737540,4,84
ATM0141,Avocado,7.86,60.1,2026-07-25 21:27:02.737542,7,86
ATM0142,Avocado,6.13,59.99,2026-07-25 21:27:02.737545,10,92
ATM0143,Avocado,6.36,50.77,2026-07-25 21:27:02.737547,14,89
ATM0144,Avocado,4.33,65.44,2026-07-25 21:27:02.737550,3,80
ATM0145,Avocado,5.63,65.87,2026-07-25 21:27:02.737552,5,80
ATM0146,Avocado,6.23,62.54,2026-07-25 21:27:02.737555,6,98
ATM0147,Avocado,4.07,47.07,2026-07-25 21:27:02.737558,3,89
ATM0148,Avocado,4.73,59.88,2026-07-25 21:27:02.737560,12,85
ATM0149,Avocado,3.34,44.31,2026-07-25 21:27:02.737563,9,91
ATM0150,Avocado,2.2,60.35,2026-07-25 21:27:02.737565,4,85
ATM0151,Avocado,6.49,61.28,2026-07-25 21:27:02.737568,7,80
ATM0152,Avocado,3.63,61.04,2026-07-25 21:27:02.737571,8,95
ATM0153,Avocado,4.96,57.34,2026-07-25 21:27:02.737573,10,84
ATM0154,Avocado,6.4,52.64,2026-07-25 21:27:02.737576,14,82
ATM0155,Avocado,4.32,56.23,2026-07-25 21:27:02.737578,9,86
ATM0156,Avocado,4.73,58.07,2026-07-25 21:27:02.737581,6,94
ATM0157,Avocado,3.6,55.9,2026-07-25 21:27:02.737584,14,92
ATM0158,Avocado,4.83,62.12,2026-07-25 21:27:02.737586,11,83
ATM0159,Avocado,7.21,53.66,2026-07-25 21:27:02.737589,4,99
ATM0160,Avocado,7.32,68.84,2026-07-25 21:27:02.737591,13,97
ATM0161,Avocado,3.55,64.68,2026-07-25 21:27:02.737594,11,91
ATM0162,Avocado,5.74,53.08,2026-07-25 21:27:02.737597,9,89
ATM0163,Avocado,7.49,45.23,2026-07-25 21:27:02.737599,10,91
ATM0164,Avocado,4.93,40.6,2026-07-25 21:27:02.737602,5,90
ATM0165,Avocado,4.2,42.66,2026-07-25 21:27:02.737604,11,95
ATM0166,Avocado,7.6,60.99,2026-07-25 21:27:02.737607,14,81
ATM0167,Avocado,4.12,45.52,2026-07-25 21:27:02.737609,2,96
ATM0168,Avocado,2.37,54.87,2026-07-25 21:27:02.737612,6,89
ATM0169,Avocado,2.06,43.34,2026-07-25 21:27:02.737615,11,91
ATM0170,Avocado,6.69,45.66,2026-07-25 21:27:02.737617,4,94
ATM0171,Avocado,2.42,60.49,2026-07-25 21:27:02.737620,15,84
ATM0172,Avocado,2.56,58.15,2026-07-25 21:27:02.737622,5,83
ATM0173,Avocado,7.44,67.59,2026-07-25 21:27:02.737625,10,84
ATM0174,Avocado,7.65,49.05,2026-07-25 21:27:02.737628,4,81
ATM0175,Avocado,5.21,40.03,2026-07-25 21:27:02.737630,14,82
ATM0176,Avocado,4.82,63.34,2026-07-25 21:27:02.737633,6,86
ATM0177,Avocado,6.32,57.77,2026-07-25 21:27:02.737635,9,91
ATM0178,Avocado,7.03,54.1,2026-07-25 21:27:02.737638,5,83
ATM0179,Avocado,4.71,42.01,2026-07-25 21:27:02.737641,15,80
ATM0180,Avocado,7.57,57.54,2026-07-25 21:27:02.737643,2,83
ATM0181,Avocado,4.01,64.62,2026-07-25 21:27:02.737646,11,99
ATM0182,Avocado,7.54,46.76,2026-07-25 21:27:02.737649,5,80
ATM0183,Avocado,4.18,59.94,2026-07-25 21:27:02.737651,15,98
ATM0184,Avocado,7.26,63.43,2026-07-25 21:27:02.737653,6,87
ATM0185,Avocado,2.36,69.01,2026-07-25 21:27:02.737656,10,86
ATM0186,Avocado,6.18,51.17,2026-07-25 21:27:02.737659,6,98
ATM0187,Avocado,4.78,49.96,2026-07-25 21:27:02.737661,1,99
ATM0188,Avocado,6.81,52.22,2026-07-25 21:27:02.737664,8,88
ATM0189,Avocado,3.79,62.6,2026-07-25 21:27:02.737667,5,92
ATM0190,Avocado,3.12,62.55,2026-07-25 21:27:02.737669,2,85
ATM0191,Avocado,4.53,43.93,2026-07-25 21:27:02.737672,11,98
ATM0192,Avocado,7.67,42.66,2026-07-25 21:27:02.737674,2,88
ATM0193,Avocado,3.5,55.03,2026-07-25 21:27:02.737677,13,81
ATM0194,Avocado,2.85,52.91,2026-07-25 21:27:02.737679,15,80
ATM0195,Avocado,6.88,58.46,2026-07-25 21:27:02.737682,6,93
ATM0196,Avocado,4.57,53.4,2026-07-25 21:27:02.737684,13,95
ATM0197,Avocado,7.21,51.17,2026-07-25 21:27:02.737687,8,86
ATM0198,Avocado,3.98,44.86,2026-07-25 21:27:02.737690,11,94
ATM0199,Avocado,3.91,62.3,2026-07-25 21:27:02.737692,3,100
ATM0200,Avocado,4.25,51.66,2026-07-25 21:27:02.737695,3,80
ATM0201,Avocado,5.12,57.98,2026-07-25 21:27:02.737697,13,90
ATM0202,Avocado,4.41,47.81,2026-07-25 21:27:02.737700,14,86
ATM0203,Avocado,7.03,54.05,2026-07-25 21:27:02.737702,13,87
ATM0204,Avocado,3.94,53.31,2026-07-25 21:27:02.737705,3,100
ATM0205,Avocado,2.22,47.93,2026-07-25 21:27:02.737707,3,81
ATM0206,Avocado,5.19,59.49,2026-07-25 21:27:02.737710,5,99
ATM0207,Avocado,7.1,52.7,2026-07-25 21:27:02.737712,2,81
ATM0208,Avocado,5.83,51.04,2026-07-25 21:27:02.737715,1,99
ATM0209,Avocado,6.99,55.13,2026-07-25 21:27:02.737717,12,88
ATM0210,Avocado,3.91,67.98,2026-07-25 21:27:02.737720,8,94
ATM0211,Avocado,7.51,53.29,2026-07-25 21:27:02.737723,10,83
ATM0212,Avocado,4.23,40.13,2026-07-25 21:27:02.737725,10,89
ATM0213,Avocado,6.3,41.53,2026-07-25 21:27:02.737728,7,100
ATM0214,Avocado,4.13,61.38,2026-07-25 21:27:02.737730,14,99
ATM0215,Avocado,4.06,68.28,2026-07-25 21:27:02.737733,13,89
ATM0216,Avocado,3.72,47.91,2026-07-25 21:27:02.737736,4,86
ATM0217,Avocado,3.22,41.44,2026-07-25 21:27:02.737738,10,80
ATM0218,Avocado,5.26,64.97,2026-07-25 21:27:02.737741,10,81
ATM0219,Avocado,2.7,62.96,2026-07-25 21:27:02.737744,14,95
ATM0220,Avocado,6.19,52.41,2026-07-25 21:27:02.737746,13,81
ATM0221,Avocado,2.36,65.46,2026-07-25 21:27:02.737749,11,81
ATM0222,Avocado,6.95,58.92,2026-07-25 21:27:02.737751,4,90
ATM0223,Avocado,6.89,68.58,2026-07-25 21:27:02.737754,12,84
ATM0224,Avocado,5.95,53.94,2026-07-25 21:27:02.737756,6,94
ATM0225,Avocado,3.85,61.27,2026-07-25 21:27:02.737759,5,88
ATM0226,Avocado,6.23,60.73,2026-07-25 21:27:02.737761,13,100
ATM0227,Avocado,4.96,44.78,2026-07-25 21:27:02.737764,14,95
ATM0228,Avocado,2.56,62.19,2026-07-25 21:27:02.737766,10,84
ATM0229,Avocado,2.52,51.05,2026-07-25 21:27:02.737769,2,83
ATM0230,Avocado,3.34,54.96,2026-07-25 21:27:02.737771,2,88
ATM0231,Avocado,3.74,48.54,2026-07-25 21:27:02.737774,3,81
ATM0232,Avocado,4.16,45.35,2026-07-25 21:27:02.737776,2,99
ATM0233,Avocado,6.86,67.17,2026-07-25 21:27:02.737779,3,82
ATM0234,Avocado,7.15,43.88,2026-07-25 21:27:02.737782,9,80
ATM0235,Avocado,5.25,60.94,2026-07-25 21:27:02.737784,14,84
ATM0236,Avocado,2.39,65.59,2026-07-25 21:27:02.737787,6,96
ATM0237,Avocado,5.86,44.31,2026-07-25 21:27:02.737789,12,93
ATM0238,Avocado,5.8,46.87,2026-07-25 21:27:02.737792,8,94
ATM0239,Avocado,2.66,67.06,2026-07-25 21:27:02.737794,5,85
ATM0240,Avocado,4.36,42.73,2026-07-25 21:27:02.737797,3,86
ATM0241,Avocado,6.2,43.58,2026-07-25 21:27:02.737799,7,97
ATM0242,Avocado,3.84,44.49,2026-07-25 21:27:02.737802,12,92
ATM0243,Avocado,2.93,51.89,2026-07-25 21:27:02.737804,8,81
ATM0244,Avocado,5.33,52.37,2026-07-25 21:27:02.737807,9,86
ATM0245,Avocado,4.4,51.29,2026-07-25 21:27:02.737810,11,89
ATM0246,Avocado,7.82,67.73,2026-07-25 21:27:02.737813,10,93
ATM0247,Avocado,3.41,41.92,2026-07-25 21:27:02.737815,1,88
ATM0248,Avocado,7.39,48.09,2026-07-25 21:27:02.737818,12,96
ATM0249,Avocado,4.0,56.11,2026-07-25 21:27:02.737820,2,96
ATM0250,Avocado,7.32,46.97,2026-07-25 21:27:02.737823,7,94
ATM0251,Avocado,3.14,67.61,2026-07-25 21:27:02.737825,5,95
ATM0252,Avocado,7.22,57.38,2026-07-25 21:27:02.737828,6,89
ATM0253,Avocado,7.46,40.35,2026-07-25 21:27:02.737831,13,99
ATM0254,Avocado,2.38,52.78,2026-07-25 21:27:02.737833,9,84
ATM0255,Avocado,3.51,48.74,2026-07-25 21:27:02.737836,8,97
ATM0256,Avocado,2.88,65.63,2026-07-25 21:27:02.737838,1,83
ATM0257,Avocado,3.38,65.56,2026-07-25 21:27:02.737841,11,97
ATM0258,Avocado,4.31,48.6,2026-07-25 21:27:02.737844,12,90
ATM0259,Avocado,5.43,67.92,2026-07-25 21:27:02.737846,1,86
ATM0260,Avocado,5.38,66.39,2026-07-25 21:27:02.737849,11,96
ATM0261,Avocado,3.29,66.88,2026-07-25 21:27:02.737851,3,89
ATM0262,Avocado,5.73,53.34,2026-07-25 21:27:02.737854,8,92
ATM0263,Avocado,5.06,56.35,2026-07-25 21:27:02.737856,2,90
ATM0264,Avocado,7.07,63.58,2026-07-25 21:27:02.737859,14,86
ATM0265,Avocado,3.98,44.35,2026-07-25 21:27:02.737862,4,99
ATM0266,Avocado,4.38,50.82,2026-07-25 21:27:02.737864,10,80
ATM0267,Avocado,5.21,68.21,2026-07-25 21:27:02.737867,8,92
ATM0268,Avocado,3.98,50.79,2026-07-25 21:27:02.737869,14,86
ATM0269,Avocado,3.13,58.24,2026-07-25 21:27:02.737872,8,84
ATM0270,Avocado,3.67,62.82,2026-07-25 21:27:02.737874,15,93
ATM0271,Avocado,3.18,41.07,2026-07-25 21:27:02.737877,8,95
ATM0272,Avocado,2.81,43.39,2026-07-25 21:27:02.737882,15,90
ATM0273,Avocado,5.65,51.98,2026-07-25 21:27:02.737884,12,80
ATM0274,Avocado,6.68,45.6,2026-07-25 21:27:02.737887,1,85
ATM0275,Avocado,4.33,46.19,2026-07-25 21:27:02.737889,4,88
ATM0276,Avocado,6.15,52.18,2026-07-25 21:27:02.737892,14,95
ATM0277,Avocado,3.39,54.56,2026-07-25 21:27:02.737895,7,80
ATM0278,Avocado,2.73,58.52,2026-07-25 21:27:02.737897,13,81
ATM0279,Avocado,3.86,66.56,2026-07-25 21:27:02.737900,8,100
ATM0280,Avocado,5.09,44.54,2026-07-25 21:27:02.737902,13,95
ATM0281,Avocado,7.45,49.39,2026-07-25 21:27:02.737905,10,94
ATM0282,Avocado,4.97,41.97,2026-07-25 21:27:02.737907,6,88
ATM0283,Avocado,3.12,62.15,2026-07-25 21:27:02.737910,2,91
ATM0284,Avocado,2.65,68.38,2026-07-25 21:27:02.737913,5,85
ATM0285,Avocado,5.63,69.38,2026-07-25 21:27:02.737915,5,95
ATM0286,Avocado,4.36,57.4,2026-07-25 21:27:02.737918,14,87
ATM0287,Avocado,3.66,44.14,2026-07-25 21:27:02.737920,10,90
ATM0288,Avocado,4.72,68.57,2026-07-25 21:27:02.737923,14,93
ATM0289,Avocado,3.38,66.99,2026-07-25 21:27:02.737925,3,82
ATM0290,Avocado,3.29,65.78,2026-07-25 21:27:02.737928,11,84
ATM0291,Avocado,2.78,58.81,2026-07-25 21:27:02.737931,10,99
ATM0292,Avocado,3.05,63.42,2026-07-25 21:27:02.737933,10,98
ATM0293,Avocado,5.0,58.88,2026-07-25 21:27:02.737936,1,86
ATM0294,Avocado,7.4,51.7,2026-07-25 21:27:02.737938,4,88
ATM0295,Avocado,3.34,47.32,2026-07-25 21:27:02.737941,13,82
ATM0296,Avocado,3.66,46.29,2026-07-25 21:27:02.737943,11,84
ATM0297,Avocado,5.41,48.27,2026-07-25 21:27:02.737946,13,80
ATM0298,Avocado,3.77,46.86,2026-07-25 21:27:02.737948,4,88
ATM0299,Avocado,7.54,69.23,2026-07-25 21:27:02.737951,5,98
ATM0300,Avocado,4.9,42.79,2026-07-25 21:27:02.737953,13,84
ATM0301,Avocado,4.53,63.11,2026-07-25 21:27:02.737956,6,91
ATM0302,Avocado,3.82,43.44,2026-07-25 21:27:02.737958,1,90
ATM0303,Avocado,6.12,41.42,2026-07-25 21:27:02.737961,9,88
ATM0304,Avocado,3.27,59.09,2026-07-25 21:27:02.737964,13,85
ATM0305,Avocado,4.47,45.35,2026-07-25 21:27:02.737966,3,80
ATM0306,Avocado,5.41,69.74,2026-07-25 21:27:02.737969,15,91
ATM0307,Avocado,6.86,44.28,2026-07-25 21:27:02.737971,13,88
ATM0308,Avocado,4.4,42.33,2026-07-25 21:27:02.737974,8,84
ATM0309,Avocado,4.86,64.42,2026-07-25 21:27:02.737976,4,82
ATM0310,Avocado,6.36,69.64,2026-07-25 21:27:02.737979,14,86
ATM0311,Avocado,6.1,42.44,2026-07-25 21:27:02.737981,5,100
ATM0312,Avocado,3.37,48.31,2026-07-25 21:27:02.737984,4,88
ATM0313,Avocado,7.13,51.55,2026-07-25 21:27:02.737986,9,83
ATM0314,Avocado,6.0,49.46,2026-07-25 21:27:02.737989,6,82
ATM0315,Avocado,6.06,64.59,2026-07-25 21:27:02.737992,14,80
ATM0316,Avocado,4.45,69.75,2026-07-25 21:27:02.737994,9,85
ATM0317,Avocado,3.13,64.04,2026-07-25 21:27:02.737997,1,94
ATM0318,Avocado,5.17,61.29,2026-07-25 21:27:02.737999,12,95
ATM0319,Avocado,2.53,53.23,2026-07-25 21:27:02.738002,5,97
ATM0320,Avocado,3.97,42.39,2026-07-25 21:27:02.738004,8,84
ATM0321,Avocado,4.04,55.12,2026-07-25 21:27:02.738007,11,84
ATM0322,Avocado,4.42,64.57,2026-07-25 21:27:02.738009,10,85
ATM0323,Avocado,5.82,45.92,2026-07-25 21:27:02.738012,3,86
ATM0324,Avocado,6.31,63.06,2026-07-25 21:27:02.738014,7,81
ATM0325,Avocado,2.4,40.35,2026-07-25 21:27:02.738017,15,97
ATM0326,Avocado,2.71,55.39,2026-07-25 21:27:02.738020,5,85
ATM0327,Avocado,4.12,66.85,2026-07-25 21:27:02.738022,7,96
ATM0328,Avocado,5.18,40.76,2026-07-25 21:27:02.738025,8,94
ATM0329,Avocado,3.9,54.43,2026-07-25 21:27:02.738027,13,99
ATM0330,Avocado,7.38,56.55,2026-07-25 21:27:02.738030,12,80
ATM0331,Avocado,3.63,48.13,2026-07-25 21:27:02.738032,7,99
ATM0332,Avocado,7.79,67.42,2026-07-25 21:27:02.738035,14,91
ATM0333,Avocado,2.2,62.8,2026-07-25 21:27:02.738037,14,95
ATM0334,Avocado,2.36,62.84,2026-07-25 21:27:02.738040,1,93
ATM0335,Avocado,4.82,61.2,2026-07-25 21:27:02.738043,1,99
ATM0336,Avocado,3.27,43.13,2026-07-25 21:27:02.738045,13,87
ATM0337,Avocado,6.93,69.17,2026-07-25 21:27:02.738048,11,93
ATM0338,Avocado,3.58,67.23,2026-07-25 21:27:02.738050,15,85
ATM0339,Avocado,6.87,58.42,2026-07-25 21:27:02.738053,5,99
ATM0340,Avocado,5.06,53.86,2026-07-25 21:27:02.738055,12,88
ATM0341,Avocado,5.45,52.9,2026-07-25 21:27:02.738058,14,94
ATM0342,Avocado,6.01,47.84,2026-07-25 21:27:02.738061,3,97
ATM0343,Avocado,6.86,66.51,2026-07-25 21:27:02.738063,13,99
ATM0344,Avocado,3.93,69.5,2026-07-25 21:27:02.738066,13,85
ATM0345,Avocado,6.44,56.66,2026-07-25 21:27:02.738068,10,93
ATM0346,Avocado,5.7,54.78,2026-07-25 21:27:02.738071,11,81
ATM0347,Avocado,3.89,48.86,2026-07-25 21:27:02.738073,7,82
ATM0348,Avocado,2.61,44.11,2026-07-25 21:27:02.738076,5,87
ATM0349,Avocado,3.04,42.68,2026-07-25 21:27:02.738078,8,99
ATM0350,Avocado,6.75,67.6,2026-07-25 21:27:02.738081,14,94
ATM0351,Avocado,2.6,54.8,2026-07-25 21:27:02.738084,12,81
ATM0352,Avocado,3.66,57.03,2026-07-25 21:27:02.738086,6,91
ATM0353,Avocado,3.4,65.66,2026-07-25 21:27:02.738089,1,100
ATM0354,Avocado,7.31,69.45,2026-07-25 21:27:02.738091,14,85
ATM0355,Avocado,3.14,47.24,2026-07-25 21:27:02.738094,10,92
ATM0356,Avocado,2.81,47.56,2026-07-25 21:27:02.738096,2,95
ATM0357,Avocado,5.73,51.52,2026-07-25 21:27:02.738099,10,90
ATM0358,Avocado,5.72,58.59,2026-07-25 21:27:02.738101,6,81
ATM0359,Avocado,7.18,68.74,2026-07-25 21:27:02.738104,15,82
ATM0360,Avocado,5.47,60.56,2026-07-25 21:27:02.738106,4,96
ATM0361,Avocado,3.69,43.37,2026-07-25 21:27:02.738109,11,93
ATM0362,Avocado,2.37,64.65,2026-07-25 21:27:02.738112,7,80
ATM0363,Avocado,4.93,45.37,2026-07-25 21:27:02.738114,14,95
ATM0364,Avocado,2.65,47.34,2026-07-25 21:27:02.738117,10,97
ATM0365,Avocado,6.25,68.2,2026-07-25 21:27:02.738119,15,90
ATM0366,Avocado,2.57,54.22,2026-07-25 21:27:02.738122,7,85
ATM0367,Avocado,2.96,60.59,2026-07-25 21:27:02.738124,8,91
ATM0368,Avocado,5.79,44.76,2026-07-25 21:27:02.738127,6,85
ATM0369,Avocado,7.47,49.64,2026-07-25 21:27:02.738130,11,84
ATM0370,Avocado,3.82,48.86,2026-07-25 21:27:02.738132,7,91
ATM0371,Avocado,2.61,53.84,2026-07-25 21:27:02.738135,4,88
ATM0372,Avocado,7.38,67.23,2026-07-25 21:27:02.738137,12,83
ATM0373,Avocado,4.63,52.28,2026-07-25 21:27:02.738140,8,89
ATM0374,Avocado,7.2,51.81,2026-07-25 21:27:02.738142,9,99
ATM0375,Avocado,3.21,42.33,2026-07-25 21:27:02.738145,14,94
ATM0376,Avocado,5.95,54.29,2026-07-25 21:27:02.738148,13,96
ATM0377,Avocado,4.04,49.5,2026-07-25 21:27:02.738150,15,94
ATM0378,Avocado,6.81,55.16,2026-07-25 21:27:02.738153,15,87
ATM0379,Avocado,2.49,58.3,2026-07-25 21:27:02.738155,9,91
ATM0380,Avocado,4.43,65.22,2026-07-25 21:27:02.738158,3,85
ATM0381,Avocado,6.41,48.62,2026-07-25 21:27:02.738161,13,94
ATM0382,Avocado,2.73,53.46,2026-07-25 21:27:02.738163,5,94
ATM0383,Avocado,5.5,63.81,2026-07-25 21:27:02.738166,5,93
ATM0384,Avocado,7.25,40.09,2026-07-25 21:27:02.738168,8,91
ATM0385,Avocado,6.16,51.66,2026-07-25 21:27:02.738171,4,81
ATM0386,Avocado,6.01,63.02,2026-07-25 21:27:02.738173,15,90
ATM0387,Avocado,7.38,51.1,2026-07-25 21:27:02.738176,2,93
ATM0388,Avocado,7.24,65.67,2026-07-25 21:27:02.738178,10,91
ATM0389,Avocado,2.02,51.19,2026-07-25 21:27:02.738181,4,80
ATM0390,Avocado,6.08,67.06,2026-07-25 21:27:02.738184,15,91
ATM0391,Avocado,2.83,46.48,2026-07-25 21:27:02.738186,2,99
ATM0392,Avocado,3.78,44.37,2026-07-25 21:27:02.738189,14,100
ATM0393,Avocado,3.68,42.81,2026-07-25 21:27:02.738191,11,90
ATM0394,Avocado,7.51,51.07,2026-07-25 21:27:02.738194,13,93
ATM0395,Avocado,5.09,45.1,2026-07-25 21:27:02.738196,14,91
ATM0396,Avocado,2.25,41.84,2026-07-25 21:27:02.738199,5,98
ATM0397,Avocado,7.17,47.16,2026-07-25 21:27:02.738201,10,91
ATM0398,Avocado,3.5,55.95,2026-07-25 21:27:02.738204,7,89
ATM0399,Avocado,5.05,67.5,2026-07-25 21:27:02.738207,4,84
ATM0400,Avocado,7.62,63.62,2026-07-25 21:27:02.738209,6,94
ATM0401,Avocado,4.48,69.76,2026-07-25 21:27:02.738212,10,88
ATM0402,Avocado,5.89,41.38,2026-07-25 21:27:02.738214,3,90
ATM0403,Avocado,5.78,64.92,2026-07-25 21:27:02.738217,3,100
ATM0404,Avocado,3.36,56.64,2026-07-25 21:27:02.738220,12,81
ATM0405,Avocado,3.21,50.1,2026-07-25 21:27:02.738222,9,89
ATM0406,Avocado,3.4,68.79,2026-07-25 21:27:02.738225,5,99
ATM0407,Avocado,5.58,68.69,2026-07-25 21:27:02.738227,2,99
ATM0408,Avocado,4.86,47.33,2026-07-25 21:27:02.738232,2,94
ATM0409,Avocado,6.49,50.33,2026-07-25 21:27:02.738234,7,90
ATM0410,Avocado,2.93,64.17,2026-07-25 21:27:02.738237,14,82
ATM0411,Avocado,3.29,67.72,2026-07-25 21:27:02.738240,1,95
ATM0412,Avocado,3.22,48.03,2026-07-25 21:27:02.738242,4,84
ATM0413,Avocado,7.08,59.28,2026-07-25 21:27:02.738245,11,91
ATM0414,Avocado,6.34,51.84,2026-07-25 21:27:02.738247,1,93
ATM0415,Avocado,5.73,42.08,2026-07-25 21:27:02.738250,3,87
ATM0416,Avocado,7.43,59.24,2026-07-25 21:27:02.738252,13,97
ATM0417,Avocado,3.43,56.37,2026-07-25 21:27:02.738255,1,93
ATM0418,Avocado,3.31,44.35,2026-07-25 21:27:02.738257,7,91
ATM0419,Avocado,2.32,49.48,2026-07-25 21:27:02.738260,5,90
ATM0420,Avocado,7.36,63.05,2026-07-25 21:27:02.738262,3,88
ATM0421,Avocado,6.66,65.34,2026-07-25 21:27:02.738265,12,100
ATM0422,Avocado,5.58,42.45,2026-07-25 21:27:02.738267,7,91
ATM0423,Avocado,2.43,40.34,2026-07-25 21:27:02.738270,15,91
ATM0424,Avocado,5.74,53.32,2026-07-25 21:27:02.738272,6,81
ATM0425,Avocado,6.97,60.22,2026-07-25 21:27:02.738275,14,97
ATM0426,Avocado,7.31,44.88,2026-07-25 21:27:02.738277,2,81
ATM0427,Avocado,2.17,66.85,2026-07-25 21:27:02.738280,14,97
ATM0428,Avocado,4.98,44.78,2026-07-25 21:27:02.738282,15,84
ATM0429,Avocado,4.81,68.05,2026-07-25 21:27:02.738285,1,88
ATM0430,Avocado,3.2,46.23,2026-07-25 21:27:02.738287,10,96
ATM0431,Avocado,3.32,61.53,2026-07-25 21:27:02.738290,11,93
ATM0432,Avocado,4.54,47.88,2026-07-25 21:27:02.738292,8,95
ATM0433,Avocado,6.11,66.22,2026-07-25 21:27:02.738295,5,86
ATM0434,Avocado,2.56,66.96,2026-07-25 21:27:02.738298,10,86
ATM0435,Avocado,7.14,67.83,2026-07-25 21:27:02.738300,14,100
ATM0436,Avocado,5.33,47.9,2026-07-25 21:27:02.738303,2,83
ATM0437,Avocado,3.33,41.71,2026-07-25 21:27:02.738305,10,88
ATM0438,Avocado,2.18,56.06,2026-07-25 21:27:02.738308,10,80
ATM0439,Avocado,2.93,54.86,2026-07-25 21:27:02.738311,6,85
ATM0440,Avocado,7.85,43.02,2026-07-25 21:27:02.738313,2,81
ATM0441,Avocado,4.47,45.11,2026-07-25 21:27:02.738316,13,96
ATM0442,Avocado,6.46,50.93,2026-07-25 21:27:02.738318,8,87
ATM0443,Avocado,5.06,52.39,2026-07-25 21:27:02.738321,13,99
ATM0444,Avocado,5.75,49.47,2026-07-25 21:27:02.738323,9,92
ATM0445,Avocado,6.44,41.35,2026-07-25 21:27:02.738326,11,85
ATM0446,Avocado,7.57,47.59,2026-07-25 21:27:02.738328,12,82
ATM0447,Avocado,5.28,63.29,2026-07-25 21:27:02.738331,2,86
ATM0448,Avocado,5.74,68.78,2026-07-25 21:27:02.738334,13,84
ATM0449,Avocado,2.54,59.69,2026-07-25 21:27:02.738336,9,96
ATM0450,Avocado,6.08,69.96,2026-07-25 21:27:02.738338,6,84
ATM0451,Avocado,6.86,55.75,2026-07-25 21:27:02.738341,5,97
ATM0452,Avocado,5.94,43.73,2026-07-25 21:27:02.738344,13,86
ATM0453,Avocado,3.9,58.68,2026-07-25 21:27:02.738346,2,99
ATM0454,Avocado,3.26,64.79,2026-07-25 21:27:02.738349,9,89
ATM0455,Avocado,4.87,61.0,2026-07-25 21:27:02.738351,7,90
ATM0456,Avocado,5.39,54.17,2026-07-25 21:27:02.738354,8,92
ATM0457,Avocado,5.17,46.26,2026-07-25 21:27:02.738356,1,90
ATM0458,Avocado,2.95,41.33,2026-07-25 21:27:02.738359,3,93
ATM0459,Avocado,7.55,66.7,2026-07-25 21:27:02.738361,2,100
ATM0460,Avocado,5.51,65.79,2026-07-25 21:27:02.738364,7,88
ATM0461,Avocado,3.17,68.39,2026-07-25 21:27:02.738366,7,89
ATM0462,Avocado,5.87,61.66,2026-07-25 21:27:02.738369,11,88
ATM0463,Avocado,3.21,48.29,2026-07-25 21:27:02.738372,2,97
ATM0464,Avocado,4.41,64.33,2026-07-25 21:27:02.738374,13,93
ATM0465,Avocado,7.4,59.55,2026-07-25 21:27:02.738377,12,99
ATM0466,Avocado,5.91,65.39,2026-07-25 21:27:02.738379,3,93
ATM0467,Avocado,2.09,68.83,2026-07-25 21:27:02.738382,5,81
ATM0468,Avocado,7.57,42.11,2026-07-25 21:27:02.738384,8,84
ATM0469,Avocado,5.25,65.09,2026-07-25 21:27:02.738387,10,80
ATM0470,Avocado,2.45,62.14,2026-07-25 21:27:02.738389,2,99
ATM0471,Avocado,5.33,66.03,2026-07-25 21:27:02.738392,12,87
ATM0472,Avocado,4.21,64.7,2026-07-25 21:27:02.738395,3,94
ATM0473,Avocado,5.41,59.88,2026-07-25 21:27:02.738397,15,88
ATM0474,Avocado,7.28,62.6,2026-07-25 21:27:02.738400,9,86
ATM0475,Avocado,6.12,49.35,2026-07-25 21:27:02.738402,9,100
ATM0476,Avocado,6.29,55.0,2026-07-25 21:27:02.738405,15,94
ATM0477,Avocado,5.7,56.32,2026-07-25 21:27:02.738407,2,92
ATM0478,Avocado,3.71,51.07,2026-07-25 21:27:02.738410,13,85
ATM0479,Avocado,3.53,50.38,2026-07-25 21:27:02.738413,6,89
ATM0480,Avocado,4.0,58.3,2026-07-25 21:27:02.738415,15,99
ATM0481,Avocado,7.0,53.35,2026-07-25 21:27:02.738418,10,97
ATM0482,Avocado,5.76,65.59,2026-07-25 21:27:02.738420,15,85
ATM0483,Avocado,3.62,59.25,2026-07-25 21:27:02.738423,4,94
ATM0484,Avocado,5.33,43.44,2026-07-25 21:27:02.738425,1,94
ATM0485,Avocado,5.94,65.48,2026-07-25 21:27:02.738428,7,85
ATM0486,Avocado,6.85,53.72,2026-07-25 21:27:02.738431,11,80
ATM0487,Avocado,2.98,69.2,2026-07-25 21:27:02.738433,3,88
ATM0488,Avocado,4.88,54.77,2026-07-25 21:27:02.738436,10,82
ATM0489,Avocado,4.85,59.33,2026-07-25 21:27:02.738438,11,80
ATM0490,Avocado,7.96,59.96,2026-07-25 21:27:02.738441,4,86
ATM0491,Avocado,5.41,64.71,2026-07-25 21:27:02.738443,4,94
ATM0492,Avocado,3.36,53.75,2026-07-25 21:27:02.738446,10,93
ATM0493,Avocado,3.79,64.85,2026-07-25 21:27:02.738449,14,90
ATM0494,Avocado,4.04,64.27,2026-07-25 21:27:02.738451,2,99
ATM0495,Avocado,2.67,47.64,2026-07-25 21:27:02.738454,8,95
ATM0496,Avocado,3.69,55.95,2026-07-25 21:27:02.738456,9,94
ATM0497,Avocado,3.24,53.73,2026-07-25 21:27:02.738459,2,81
ATM0498,Avocado,6.42,52.5,2026-07-25 21:27:02.738461,4,93
ATM0499,Avocado,2.21,64.26,2026-07-25 21:27:02.738464,11,88
ATM0500,Avocado,3.24,40.62,2026-07-25 21:27:02.738466,13,81
ATM0501,Avocado,4.32,65.44,2026-07-25 21:27:02.738469,13,81
ATM0502,Avocado,5.09,69.65,2026-07-25 21:27:02.738472,5,83
ATM0503,Avocado,2.42,41.14,2026-07-25 21:27:02.738474,5,92
ATM0504,Avocado,6.38,63.3,2026-07-25 21:27:02.738477,9,87
ATM0505,Avocado,2.94,56.86,2026-07-25 21:27:02.738479,12,87
ATM0506,Avocado,7.29,51.35,2026-07-25 21:27:02.738482,10,94
ATM0507,Avocado,4.1,63.28,2026-07-25 21:27:02.738484,14,82
ATM0508,Avocado,5.63,66.01,2026-07-25 21:27:02.738487,13,95
ATM0509,Avocado,4.92,41.42,2026-07-25 21:27:02.738489,12,88
ATM0510,Avocado,4.32,56.42,2026-07-25 21:27:02.738492,4,82
ATM0511,Avocado,5.84,66.36,2026-07-25 21:27:02.738494,5,99
ATM0512,Avocado,3.94,59.95,2026-07-25 21:27:02.738497,4,87
ATM0513,Avocado,2.52,61.47,2026-07-25 21:27:02.738499,1,86
ATM0514,Avocado,2.2,65.42,2026-07-25 21:27:02.738502,8,84
ATM0515,Avocado,6.44,56.58,2026-07-25 21:27:02.738504,15,87
ATM0516,Avocado,3.56,61.42,2026-07-25 21:27:02.738507,15,97
ATM0517,Avocado,6.88,52.05,2026-07-25 21:27:02.738510,14,99
ATM0518,Avocado,4.52,52.93,2026-07-25 21:27:02.738512,5,81
ATM0519,Avocado,7.59,66.61,2026-07-25 21:27:02.738515,1,93
ATM0520,Avocado,4.17,54.51,2026-07-25 21:27:02.738517,1,81
ATM0521,Avocado,2.1,40.83,2026-07-25 21:27:02.738520,6,98
ATM0522,Avocado,7.36,57.64,2026-07-25 21:27:02.738522,11,95
ATM0523,Avocado,2.26,67.83,2026-07-25 21:27:02.738525,1,87
ATM0524,Avocado,7.92,50.73,2026-07-25 21:27:02.738527,12,98
ATM0525,Avocado,3.34,57.33,2026-07-25 21:27:02.738530,9,85
ATM0526,Avocado,4.17,51.62,2026-07-25 21:27:02.738532,6,100
ATM0527,Avocado,4.34,45.1,2026-07-25 21:27:02.738535,6,83
ATM0528,Avocado,6.8,48.53,2026-07-25 21:27:02.738538,13,84
ATM0529,Avocado,3.5,68.34,2026-07-25 21:27:02.738540,13,97
ATM0530,Avocado,5.14,55.96,2026-07-25 21:27:02.738543,12,86
ATM0531,Avocado,6.09,55.19,2026-07-25 21:27:02.738545,2,89
ATM0532,Avocado,6.17,48.94,2026-07-25 21:27:02.738548,8,92
ATM0533,Avocado,3.38,51.03,2026-07-25 21:27:02.738550,13,100
ATM0534,Avocado,6.08,48.94,2026-07-25 21:27:02.738553,15,82
ATM0535,Avocado,2.44,65.11,2026-07-25 21:27:02.738555,1,93
ATM0536,Avocado,4.55,60.44,2026-07-25 21:27:02.738558,1,80
ATM0537,Avocado,2.82,43.51,2026-07-25 21:27:02.738561,7,82
ATM0538,Avocado,5.15,63.68,2026-07-25 21:27:02.738563,4,93
ATM0539,Avocado,5.12,60.83,2026-07-25 21:27:02.738565,10,81
ATM0540,Avocado,3.85,42.48,2026-07-25 21:27:02.738568,11,80
ATM0541,Avocado,7.07,46.24,2026-07-25 21:27:02.738571,9,89
ATM0542,Avocado,4.59,61.91,2026-07-25 21:27:02.738573,15,87
ATM0543,Avocado,2.44,52.61,2026-07-25 21:27:02.738576,13,81
ATM0544,Avocado,4.35,46.53,2026-07-25 21:27:02.738580,15,93
ATM0545,Avocado,4.22,61.55,2026-07-25 21:27:02.738583,6,98
ATM0546,Avocado,6.77,45.0,2026-07-25 21:27:02.738585,4,84
ATM0547,Avocado,5.01,62.87,2026-07-25 21:27:02.738588,7,94
ATM0548,Avocado,6.94,49.71,2026-07-25 21:27:02.738590,8,97
ATM0549,Avocado,4.06,55.54,2026-07-25 21:27:02.738593,7,100
ATM0550,Avocado,2.57,61.0,2026-07-25 21:27:02.738595,12,96
ATM0551,Avocado,3.72,45.12,2026-07-25 21:27:02.738598,1,87
ATM0552,Avocado,7.12,52.12,2026-07-25 21:27:02.738601,4,95
ATM0553,Avocado,5.85,63.45,2026-07-25 21:27:02.738603,7,97
ATM0554,Avocado,3.37,53.92,2026-07-25 21:27:02.738606,9,90
ATM0555,Avocado,4.8,43.3,2026-07-25 21:27:02.738608,14,86
ATM0556,Avocado,3.3,43.67,2026-07-25 21:27:02.738611,14,96
ATM0557,Avocado,4.02,59.42,2026-07-25 21:27:02.738613,1,89
ATM0558,Avocado,7.25,52.4,2026-07-25 21:27:02.738616,1,97
ATM0559,Avocado,5.39,49.1,2026-07-25 21:27:02.738618,15,95
ATM0560,Avocado,4.4,45.18,2026-07-25 21:27:02.738621,9,86
ATM0561,Avocado,7.83,44.92,2026-07-25 21:27:02.738623,6,92
ATM0562,Avocado,7.3,67.73,2026-07-25 21:27:02.738626,2,90
ATM0563,Avocado,2.36,66.69,2026-07-25 21:27:02.738628,13,94
ATM0564,Avocado,6.02,55.19,2026-07-25 21:27:02.738631,4,85
ATM0565,Avocado,7.15,69.6,2026-07-25 21:27:02.738633,4,81
ATM0566,Avocado,6.76,66.91,2026-07-25 21:27:02.738636,3,96
ATM0567,Avocado,3.93,53.84,2026-07-25 21:27:02.738639,4,80
ATM0568,Avocado,6.22,48.91,2026-07-25 21:27:02.738641,8,99
ATM0569,Avocado,2.07,68.84,2026-07-25 21:27:02.738644,2,93
ATM0570,Avocado,3.02,69.95,2026-07-25 21:27:02.738647,11,82
ATM0571,Avocado,2.63,60.02,2026-07-25 21:27:02.738649,10,98
ATM0572,Avocado,4.55,44.01,2026-07-25 21:27:02.738652,2,96
ATM0573,Avocado,3.89,51.85,2026-07-25 21:27:02.738654,6,85
ATM0574,Avocado,6.72,51.76,2026-07-25 21:27:02.738657,2,90
ATM0575,Avocado,5.18,43.55,2026-07-25 21:27:02.738660,12,88
ATM0576,Avocado,2.36,62.14,2026-07-25 21:27:02.738662,9,82
ATM0577,Avocado,3.42,50.55,2026-07-25 21:27:02.738665,8,93
ATM0578,Avocado,6.47,59.57,2026-07-25 21:27:02.738667,10,84
ATM0579,Avocado,6.56,48.03,2026-07-25 21:27:02.738670,5,90
ATM0580,Avocado,4.81,44.07,2026-07-25 21:27:02.738673,8,100
ATM0581,Avocado,4.13,46.3,2026-07-25 21:27:02.738675,5,98
ATM0582,Avocado,7.66,49.65,2026-07-25 21:27:02.738678,13,98
ATM0583,Avocado,4.37,69.27,2026-07-25 21:27:02.738680,5,86
ATM0584,Avocado,3.05,45.1,2026-07-25 21:27:02.738683,10,97
ATM0585,Avocado,2.07,53.37,2026-07-25 21:27:02.738685,9,80
ATM0586,Avocado,2.51,42.63,2026-07-25 21:27:02.738688,9,90
ATM0587,Avocado,6.25,51.88,2026-07-25 21:27:02.738690,9,89
ATM0588,Avocado,6.38,46.52,2026-07-25 21:27:02.738693,12,91
ATM0589,Avocado,2.34,56.88,2026-07-25 21:27:02.738696,3,93
ATM0590,Avocado,5.79,52.68,2026-07-25 21:27:02.738698,4,100
ATM0591,Avocado,4.34,56.59,2026-07-25 21:27:02.738701,4,91
ATM0592,Avocado,2.18,45.12,2026-07-25 21:27:02.738703,9,81
ATM0593,Avocado,4.4,45.23,2026-07-25 21:27:02.738706,13,86
ATM0594,Avocado,2.37,69.5,2026-07-25 21:27:02.738708,9,99
ATM0595,Avocado,2.51,53.52,2026-07-25 21:27:02.738711,2,94
ATM0596,Avocado,3.74,45.93,2026-07-25 21:27:02.738713,10,97
ATM0597,Avocado,3.0,56.0,2026-07-25 21:27:02.738716,15,90
ATM0598,Avocado,7.11,58.8,2026-07-25 21:27:02.738719,9,86
ATM0599,Avocado,2.62,46.95,2026-07-25 21:27:02.738721,8,95
ATM0600,Avocado,6.68,66.49,2026-07-25 21:27:02.738724,10,83
ATM0601,Avocado,5.16,54.77,2026-07-25 21:27:02.738726,2,83
ATM0602,Avocado,4.45,62.63,2026-07-25 21:27:02.738729,13,99
ATM0603,Avocado,5.24,53.75,2026-07-25 21:27:02.738731,11,85
ATM0604,Avocado,6.15,56.96,2026-07-25 21:27:02.738734,14,100
ATM0605,Avocado,4.37,54.42,2026-07-25 21:27:02.738736,15,80
ATM0606,Avocado,5.42,45.13,2026-07-25 21:27:02.738739,9,88
ATM0607,Avocado,7.07,60.47,2026-07-25 21:27:02.738742,8,85
ATM0608,Avocado,2.77,49.62,2026-07-25 21:27:02.738744,9,99
ATM0609,Avocado,5.66,56.09,2026-07-25 21:27:02.738747,1,85
ATM0610,Avocado,2.51,49.31,2026-07-25 21:27:02.738749,10,95
ATM0611,Avocado,7.97,54.41,2026-07-25 21:27:02.738752,8,97
ATM0612,Avocado,7.63,58.05,2026-07-25 21:27:02.738754,8,99
ATM0613,Avocado,5.66,45.75,2026-07-25 21:27:02.738757,7,81
ATM0614,Avocado,6.69,50.55,2026-07-25 21:27:02.738759,1,83
ATM0615,Avocado,4.78,42.98,2026-07-25 21:27:02.738762,14,83
ATM0616,Avocado,3.03,59.63,2026-07-25 21:27:02.738765,6,84
ATM0617,Avocado,2.88,52.21,2026-07-25 21:27:02.738767,15,98
ATM0618,Avocado,4.05,43.49,2026-07-25 21:27:02.738770,13,93
ATM0619,Avocado,5.24,53.99,2026-07-25 21:27:02.738772,9,93
ATM0620,Avocado,3.08,44.87,2026-07-25 21:27:02.738775,13,94
ATM0621,Avocado,5.12,57.61,2026-07-25 21:27:02.738777,2,84
ATM0622,Avocado,6.4,45.35,2026-07-25 21:27:02.738780,6,95
ATM0623,Avocado,7.41,53.11,2026-07-25 21:27:02.738782,3,95
ATM0624,Avocado,5.11,69.85,2026-07-25 21:27:02.738785,15,82
ATM0625,Avocado,3.44,41.57,2026-07-25 21:27:02.738787,6,94
ATM0626,Avocado,7.8,67.99,2026-07-25 21:27:02.738790,6,98
ATM0627,Avocado,7.12,60.18,2026-07-25 21:27:02.738792,8,100
ATM0628,Avocado,5.11,59.52,2026-07-25 21:27:02.738795,13,95
ATM0629,Avocado,4.92,57.07,2026-07-25 21:27:02.738797,6,87
ATM0630,Avocado,4.91,64.42,2026-07-25 21:27:02.738800,2,95
ATM0631,Avocado,4.12,47.75,2026-07-25 21:27:02.738802,10,90
ATM0632,Avocado,2.34,66.31,2026-07-25 21:27:02.738805,8,85
ATM0633,Avocado,4.85,58.42,2026-07-25 21:27:02.738807,11,86
ATM0634,Avocado,4.9,54.53,2026-07-25 21:27:02.738810,15,92
ATM0635,Avocado,7.37,59.63,2026-07-25 21:27:02.738813,2,93
ATM0636,Avocado,5.03,40.16,2026-07-25 21:27:02.738815,15,97
ATM0637,Avocado,6.03,56.44,2026-07-25 21:27:02.738818,3,94
ATM0638,Avocado,3.62,43.9,2026-07-25 21:27:02.738820,15,85
ATM0639,Avocado,6.84,58.32,2026-07-25 21:27:02.738823,7,93
ATM0640,Avocado,4.44,65.43,2026-07-25 21:27:02.738825,15,80
ATM0641,Avocado,7.41,65.11,2026-07-25 21:27:02.738828,3,96
ATM0642,Avocado,5.72,69.4,2026-07-25 21:27:02.738830,1,96
ATM0643,Avocado,5.08,50.29,2026-07-25 21:27:02.738833,4,85
ATM0644,Avocado,4.98,52.7,2026-07-25 21:27:02.738835,7,85
ATM0645,Avocado,2.24,57.0,2026-07-25 21:27:02.738838,12,85
ATM0646,Avocado,5.91,59.61,2026-07-25 21:27:02.738840,13,94
ATM0647,Avocado,3.35,47.98,2026-07-25 21:27:02.738843,9,93
ATM0648,Avocado,4.73,61.6,2026-07-25 21:27:02.738845,11,89
ATM0649,Avocado,6.88,63.86,2026-07-25 21:27:02.738848,13,89
ATM0650,Avocado,2.17,40.46,2026-07-25 21:27:02.738851,4,88
ATM0651,Avocado,2.35,58.31,2026-07-25 21:27:02.738853,12,96
ATM0652,Avocado,4.64,44.49,2026-07-25 21:27:02.738856,15,92
ATM0653,Avocado,4.52,61.38,2026-07-25 21:27:02.738858,8,99
ATM0654,Avocado,7.84,54.77,2026-07-25 21:27:02.738861,15,81
ATM0655,Avocado,7.51,60.17,2026-07-25 21:27:02.738863,9,82
ATM0656,Avocado,4.96,65.55,2026-07-25 21:27:02.738866,2,83
ATM0657,Avocado,3.98,61.75,2026-07-25 21:27:02.738868,8,97
ATM0658,Avocado,6.24,58.98,2026-07-25 21:27:02.738871,12,99
ATM0659,Avocado,7.06,69.59,2026-07-25 21:27:02.738874,8,94
ATM0660,Avocado,3.1,67.04,2026-07-25 21:27:02.738876,15,89
ATM0661,Avocado,5.91,40.7,2026-07-25 21:27:02.738879,7,81
ATM0662,Avocado,7.57,44.98,2026-07-25 21:27:02.738881,6,83
ATM0663,Avocado,7.97,69.83,2026-07-25 21:27:02.738884,10,99
ATM0664,Avocado,3.0,57.23,2026-07-25 21:27:02.738887,10,84
ATM0665,Avocado,4.24,63.82,2026-07-25 21:27:02.738889,7,89
ATM0666,Avocado,2.26,48.53,2026-07-25 21:27:02.738892,6,84
ATM0667,Avocado,2.77,42.43,2026-07-25 21:27:02.738894,6,88
ATM0668,Avocado,3.59,59.84,2026-07-25 21:27:02.738897,1,91
ATM0669,Avocado,4.71,43.23,2026-07-25 21:27:02.738899,9,81
ATM0670,Avocado,2.92,59.68,2026-07-25 21:27:02.738902,3,96
ATM0671,Avocado,2.34,60.48,2026-07-25 21:27:02.738904,12,88
ATM0672,Avocado,6.23,65.92,2026-07-25 21:27:02.738907,7,91
ATM0673,Avocado,4.55,49.42,2026-07-25 21:27:02.738910,13,93
ATM0674,Avocado,6.61,42.24,2026-07-25 21:27:02.738912,12,82
ATM0675,Avocado,4.5,53.28,2026-07-25 21:27:02.738915,8,95
ATM0676,Avocado,4.2,61.83,2026-07-25 21:27:02.738917,14,92
ATM0677,Avocado,5.42,46.15,2026-07-25 21:27:02.738920,7,90
ATM0678,Avocado,5.2,52.6,2026-07-25 21:27:02.738922,2,91
ATM0679,Avocado,3.37,58.62,2026-07-25 21:27:02.738925,2,100
ATM0680,Avocado,5.51,69.73,2026-07-25 21:27:02.738927,2,96
ATM0681,Avocado,5.3,48.88,2026-07-25 21:27:02.738932,9,93
ATM0682,Avocado,5.34,52.2,2026-07-25 21:27:02.738935,5,90
ATM0683,Avocado,3.49,50.36,2026-07-25 21:27:02.738937,7,80
ATM0684,Avocado,4.8,64.03,2026-07-25 21:27:02.738940,6,95
ATM0685,Avocado,5.26,49.79,2026-07-25 21:27:02.738942,10,81
ATM0686,Avocado,6.14,55.44,2026-07-25 21:27:02.738945,14,86
ATM0687,Avocado,2.47,44.28,2026-07-25 21:27:02.738947,11,93
ATM0688,Avocado,7.88,60.35,2026-07-25 21:27:02.738950,2,80
ATM0689,Avocado,7.39,62.91,2026-07-25 21:27:02.738952,4,96
ATM0690,Avocado,7.83,60.67,2026-07-25 21:27:02.738955,3,90
ATM0691,Avocado,7.41,60.83,2026-07-25 21:27:02.738958,4,96
ATM0692,Avocado,4.4,43.49,2026-07-25 21:27:02.738960,9,89
ATM0693,Avocado,2.6,47.27,2026-07-25 21:27:02.738963,14,83
ATM0694,Avocado,6.89,69.26,2026-07-25 21:27:02.738965,12,90
ATM0695,Avocado,2.94,45.93,2026-07-25 21:27:02.738968,3,99
ATM0696,Avocado,2.23,46.56,2026-07-25 21:27:02.738970,12,96
ATM0697,Avocado,7.08,64.77,2026-07-25 21:27:02.738973,11,83
ATM0698,Avocado,5.93,66.42,2026-07-25 21:27:02.738976,4,92
ATM0699,Avocado,2.37,49.48,2026-07-25 21:27:02.738978,2,96
ATM0700,Avocado,4.07,45.76,2026-07-25 21:27:02.738981,10,89
ATM0701,Avocado,3.22,63.94,2026-07-25 21:27:02.738983,10,83
ATM0702,Avocado,4.21,55.58,2026-07-25 21:27:02.738986,11,93
ATM0703,Avocado,5.21,67.73,2026-07-25 21:27:02.738988,6,82
ATM0704,Avocado,7.21,59.96,2026-07-25 21:27:02.738991,8,84
ATM0705,Avocado,5.22,52.38,2026-07-25 21:27:02.738993,12,87
ATM0706,Avocado,4.77,62.9,2026-07-25 21:27:02.738996,3,93
ATM0707,Avocado,3.74,59.48,2026-07-25 21:27:02.738998,1,91
ATM0708,Avocado,2.99,56.66,2026-07-25 21:27:02.739001,1,81
ATM0709,Avocado,5.35,63.18,2026-07-25 21:27:02.739004,10,97
ATM0710,Avocado,4.7,64.43,2026-07-25 21:27:02.739006,2,99
ATM0711,Avocado,6.84,67.08,2026-07-25 21:27:02.739009,5,91
ATM0712,Avocado,7.02,57.83,2026-07-25 21:27:02.739011,1,89
ATM0713,Avocado,2.04,49.41,2026-07-25 21:27:02.739014,10,81
ATM0714,Avocado,2.17,56.32,2026-07-25 21:27:02.739016,4,99
ATM0715,Avocado,3.45,42.49,2026-07-25 21:27:02.739019,8,91
ATM0716,Avocado,4.61,50.18,2026-07-25 21:27:02.739022,13,86
ATM0717,Avocado,7.09,45.54,2026-07-25 21:27:02.739024,1,86
ATM0718,Avocado,7.73,64.1,2026-07-25 21:27:02.739027,11,91
ATM0719,Avocado,3.35,63.29,2026-07-25 21:27:02.739029,12,96
ATM0720,Avocado,4.22,60.99,2026-07-25 21:27:02.739032,9,84
ATM0721,Avocado,4.16,45.96,2026-07-25 21:27:02.739034,9,93
ATM0722,Avocado,5.58,43.6,2026-07-25 21:27:02.739037,13,88
ATM0723,Avocado,6.6,47.73,2026-07-25 21:27:02.739039,7,87
ATM0724,Avocado,4.31,64.78,2026-07-25 21:27:02.739042,14,98
ATM0725,Avocado,4.69,63.22,2026-07-25 21:27:02.739044,9,91
ATM0726,Avocado,6.81,42.72,2026-07-25 21:27:02.739047,4,97
ATM0727,Avocado,3.54,63.68,2026-07-25 21:27:02.739050,2,86
ATM0728,Avocado,7.27,42.27,2026-07-25 21:27:02.739052,8,91
ATM0729,Avocado,4.17,48.96,2026-07-25 21:27:02.739055,9,88
ATM0730,Avocado,6.13,60.81,2026-07-25 21:27:02.739057,14,95
ATM0731,Avocado,5.72,69.01,2026-07-25 21:27:02.739060,9,84
ATM0732,Avocado,4.22,50.93,2026-07-25 21:27:02.739062,2,88
ATM0733,Avocado,2.46,51.25,2026-07-25 21:27:02.739065,8,87
ATM0734,Avocado,6.95,60.58,2026-07-25 21:27:02.739067,4,93
ATM0735,Avocado,6.12,43.45,2026-07-25 21:27:02.739070,14,83
ATM0736,Avocado,6.24,49.5,2026-07-25 21:27:02.739072,14,94
ATM0737,Avocado,5.41,43.09,2026-07-25 21:27:02.739075,12,98
ATM0738,Avocado,3.04,44.37,2026-07-25 21:27:02.739078,14,97
ATM0739,Avocado,4.54,52.06,2026-07-25 21:27:02.739080,5,84
ATM0740,Avocado,4.84,55.71,2026-07-25 21:27:02.739083,7,90
ATM0741,Avocado,4.53,66.82,2026-07-25 21:27:02.739085,6,99
ATM0742,Avocado,4.06,66.21,2026-07-25 21:27:02.739088,15,93
ATM0743,Avocado,5.84,58.54,2026-07-25 21:27:02.739090,10,85
ATM0744,Avocado,7.87,40.79,2026-07-25 21:27:02.739093,14,89
ATM0745,Avocado,4.69,66.05,2026-07-25 21:27:02.739095,12,91
ATM0746,Avocado,6.49,64.69,2026-07-25 21:27:02.739098,1,81
ATM0747,Avocado,2.79,64.32,2026-07-25 21:27:02.739100,12,88
ATM0748,Avocado,3.01,47.7,2026-07-25 21:27:02.739103,5,85
ATM0749,Avocado,3.27,53.74,2026-07-25 21:27:02.739106,10,83
ATM0750,Avocado,7.82,66.86,2026-07-25 21:27:02.739108,7,95
ATM0751,Avocado,7.22,51.68,2026-07-25 21:27:02.739111,11,89
ATM0752,Avocado,7.19,53.12,2026-07-25 21:27:02.739113,12,91
ATM0753,Avocado,3.76,62.89,2026-07-25 21:27:02.739116,13,89
ATM0754,Avocado,4.31,42.38,2026-07-25 21:27:02.739118,11,82
ATM0755,Avocado,3.62,68.1,2026-07-25 21:27:02.739121,12,87
ATM0756,Avocado,2.69,66.95,2026-07-25 21:27:02.739124,6,99
ATM0757,Avocado,3.2,59.06,2026-07-25 21:27:02.739126,5,89
ATM0758,Avocado,5.07,62.19,2026-07-25 21:27:02.739129,10,85
ATM0759,Avocado,7.21,63.86,2026-07-25 21:27:02.739131,2,96
ATM0760,Avocado,5.01,43.95,2026-07-25 21:27:02.739134,12,93
ATM0761,Avocado,2.86,64.67,2026-07-25 21:27:02.739136,6,92
ATM0762,Avocado,3.55,56.27,2026-07-25 21:27:02.739139,13,81
ATM0763,Avocado,5.07,52.83,2026-07-25 21:27:02.739142,2,92
ATM0764,Avocado,2.54,53.59,2026-07-25 21:27:02.739144,1,89
ATM0765,Avocado,7.13,51.11,2026-07-25 21:27:02.739147,4,100
ATM0766,Avocado,6.29,42.6,2026-07-25 21:27:02.739149,5,91
ATM0767,Avocado,4.18,46.84,2026-07-25 21:27:02.739152,7,87
ATM0768,Avocado,5.36,41.16,2026-07-25 21:27:02.739154,8,83
ATM0769,Avocado,4.38,50.92,2026-07-25 21:27:02.739157,5,97
ATM0770,Avocado,2.67,40.85,2026-07-25 21:27:02.739159,14,84
ATM0771,Avocado,4.95,44.67,2026-07-25 21:27:02.739162,6,85
ATM0772,Avocado,2.77,50.21,2026-07-25 21:27:02.739164,1,80
ATM0773,Avocado,7.69,58.67,2026-07-25 21:27:02.739167,10,93
ATM0774,Avocado,4.77,46.86,2026-07-25 21:27:02.739170,13,89
ATM0775,Avocado,7.96,68.02,2026-07-25 21:27:02.739172,8,90
ATM0776,Avocado,4.84,65.52,2026-07-25 21:27:02.739175,10,94
ATM0777,Avocado,4.96,61.23,2026-07-25 21:27:02.739177,15,93
ATM0778,Avocado,2.5,40.79,2026-07-25 21:27:02.739180,4,86
ATM0779,Avocado,6.77,40.09,2026-07-25 21:27:02.739182,14,92
ATM0780,Avocado,5.12,40.61,2026-07-25 21:27:02.739185,8,100
ATM0781,Avocado,3.53,57.64,2026-07-25 21:27:02.739187,1,84
ATM0782,Avocado,6.99,50.15,2026-07-25 21:27:02.739190,10,94
ATM0783,Avocado,7.77,60.38,2026-07-25 21:27:02.739192,5,82
ATM0784,Avocado,6.42,57.91,2026-07-25 21:27:02.739195,10,93
ATM0785,Avocado,4.74,55.01,2026-07-25 21:27:02.739197,15,82
ATM0786,Avocado,5.89,56.57,2026-07-25 21:27:02.739200,12,86
ATM0787,Avocado,5.47,42.32,2026-07-25 21:27:02.739203,11,94
ATM0788,Avocado,7.61,64.86,2026-07-25 21:27:02.739205,10,95
ATM0789,Avocado,6.87,44.06,2026-07-25 21:27:02.739208,10,80
ATM0790,Avocado,7.6,49.48,2026-07-25 21:27:02.739210,8,92
ATM0791,Avocado,7.4,58.98,2026-07-25 21:27:02.739213,3,90
ATM0792,Avocado,5.23,56.31,2026-07-25 21:27:02.739215,3,89
ATM0793,Avocado,2.22,58.84,2026-07-25 21:27:02.739218,6,96
ATM0794,Avocado,2.23,64.9,2026-07-25 21:27:02.739220,14,80
ATM0795,Avocado,3.19,58.3,2026-07-25 21:27:02.739223,12,99
ATM0796,Avocado,3.41,64.51,2026-07-25 21:27:02.739225,5,86
ATM0797,Avocado,2.66,66.58,2026-07-25 21:27:02.739228,9,99
ATM0798,Avocado,4.79,48.81,2026-07-25 21:27:02.739230,4,89
ATM0799,Avocado,4.24,68.2,2026-07-25 21:27:02.739233,4,83
ATM0800,Avocado,4.54,56.32,2026-07-25 21:27:02.739236,3,84
ATM0801,Avocado,6.48,57.42,2026-07-25 21:27:02.739238,11,97
ATM0802,Avocado,7.32,51.64,2026-07-25 21:27:02.739241,14,95
ATM0803,Avocado,5.55,55.22,2026-07-25 21:27:02.739243,2,100
ATM0804,Avocado,3.31,58.89,2026-07-25 21:27:02.739246,11,98
ATM0805,Avocado,2.53,57.0,2026-07-25 21:27:02.739248,11,93
ATM0806,Avocado,7.72,42.82,2026-07-25 21:27:02.739251,12,100
ATM0807,Avocado,3.83,45.21,2026-07-25 21:27:02.739253,14,86
ATM0808,Avocado,4.61,69.11,2026-07-25 21:27:02.739256,13,85
ATM0809,Avocado,2.88,62.59,2026-07-25 21:27:02.739258,7,95
ATM0810,Avocado,6.08,61.56,2026-07-25 21:27:02.739261,12,87
ATM0811,Avocado,6.88,41.81,2026-07-25 21:27:02.739263,2,80
ATM0812,Avocado,3.04,40.14,2026-07-25 21:27:02.739266,10,99
ATM0813,Avocado,3.12,63.18,2026-07-25 21:27:02.739268,4,88
ATM0814,Avocado,5.57,51.88,2026-07-25 21:27:02.739271,7,91
ATM0815,Avocado,6.29,41.62,2026-07-25 21:27:02.739274,11,85
ATM0816,Avocado,6.04,45.24,2026-07-25 21:27:02.739276,15,82
ATM0817,Avocado,7.77,56.07,2026-07-25 21:27:02.739285,9,96
ATM0818,Avocado,3.86,66.47,2026-07-25 21:27:02.739288,8,100
ATM0819,Avocado,6.56,52.93,2026-07-25 21:27:02.739291,9,93
ATM0820,Avocado,6.02,50.79,2026-07-25 21:27:02.739293,8,92
ATM0821,Avocado,7.7,57.67,2026-07-25 21:27:02.739296,1,95
ATM0822,Avocado,7.68,68.34,2026-07-25 21:27:02.739298,15,85
ATM0823,Avocado,7.27,46.46,2026-07-25 21:27:02.739301,15,83
ATM0824,Avocado,5.48,65.3,2026-07-25 21:27:02.739304,9,83
ATM0825,Avocado,2.23,61.72,2026-07-25 21:27:02.739306,1,93
ATM0826,Avocado,6.65,55.92,2026-07-25 21:27:02.739309,11,96
ATM0827,Avocado,4.42,42.96,2026-07-25 21:27:02.739311,7,91
ATM0828,Avocado,7.02,67.99,2026-07-25 21:27:02.739314,14,95
ATM0829,Avocado,2.49,46.59,2026-07-25 21:27:02.739316,13,85
ATM0830,Avocado,6.17,63.27,2026-07-25 21:27:02.739319,9,83
ATM0831,Avocado,3.79,59.81,2026-07-25 21:27:02.739322,8,86
ATM0832,Avocado,2.52,62.88,2026-07-25 21:27:02.739324,1,84
ATM0833,Avocado,4.7,58.1,2026-07-25 21:27:02.739327,10,96
ATM0834,Avocado,7.83,48.74,2026-07-25 21:27:02.739329,15,89
ATM0835,Avocado,4.23,43.53,2026-07-25 21:27:02.739332,1,81
ATM0836,Avocado,4.65,57.26,2026-07-25 21:27:02.739334,5,86
ATM0837,Avocado,5.98,48.54,2026-07-25 21:27:02.739337,2,85
ATM0838,Avocado,5.86,47.05,2026-07-25 21:27:02.739339,15,82
ATM0839,Avocado,2.59,44.33,2026-07-25 21:27:02.739342,6,99
ATM0840,Avocado,4.82,66.52,2026-07-25 21:27:02.739344,5,81
ATM0841,Avocado,3.38,51.56,2026-07-25 21:27:02.739347,7,80
ATM0842,Avocado,5.15,63.27,2026-07-25 21:27:02.739349,15,82
ATM0843,Avocado,5.12,48.92,2026-07-25 21:27:02.739352,11,94
ATM0844,Avocado,7.77,49.62,2026-07-25 21:27:02.739355,8,87
ATM0845,Avocado,3.61,52.96,2026-07-25 21:27:02.739357,13,81
ATM0846,Avocado,6.51,58.24,2026-07-25 21:27:02.739360,12,86
ATM0847,Avocado,7.63,61.76,2026-07-25 21:27:02.739362,2,87
ATM0848,Avocado,4.33,63.24,2026-07-25 21:27:02.739365,1,94
ATM0849,Avocado,5.39,51.43,2026-07-25 21:27:02.739367,5,92
ATM0850,Avocado,4.4,61.8,2026-07-25 21:27:02.739370,3,92
ATM0851,Avocado,6.1,48.61,2026-07-25 21:27:02.739372,13,83
ATM0852,Avocado,6.59,52.19,2026-07-25 21:27:02.739375,12,90
ATM0853,Avocado,3.87,63.78,2026-07-25 21:27:02.739378,10,89
ATM0854,Avocado,3.04,65.15,2026-07-25 21:27:02.739380,6,89
ATM0855,Avocado,5.33,41.11,2026-07-25 21:27:02.739383,15,81
ATM0856,Avocado,3.5,49.74,2026-07-25 21:27:02.739385,2,100
ATM0857,Avocado,7.03,55.44,2026-07-25 21:27:02.739388,1,99
ATM0858,Avocado,4.87,57.0,2026-07-25 21:27:02.739390,3,80
ATM0859,Avocado,3.03,42.84,2026-07-25 21:27:02.739393,2,82
ATM0860,Avocado,8.0,58.17,2026-07-25 21:27:02.739395,14,100
ATM0861,Avocado,5.76,61.97,2026-07-25 21:27:02.739398,9,93
ATM0862,Avocado,6.26,55.92,2026-07-25 21:27:02.739400,9,81
ATM0863,Avocado,3.62,65.8,2026-07-25 21:27:02.739403,14,87
ATM0864,Avocado,5.21,45.3,2026-07-25 21:27:02.739405,12,97
ATM0865,Avocado,2.04,59.53,2026-07-25 21:27:02.739408,8,93
ATM0866,Avocado,6.42,50.41,2026-07-25 21:27:02.739410,10,82
ATM0867,Avocado,3.7,58.11,2026-07-25 21:27:02.739413,3,91
ATM0868,Avocado,7.43,67.77,2026-07-25 21:27:02.739416,7,85
ATM0869,Avocado,4.47,69.26,2026-07-25 21:27:02.739418,13,89
ATM0870,Avocado,6.72,52.85,2026-07-25 21:27:02.739421,9,81
ATM0871,Avocado,7.86,50.15,2026-07-25 21:27:02.739423,4,85
ATM0872,Avocado,3.12,67.35,2026-07-25 21:27:02.739426,5,83
ATM0873,Avocado,7.88,55.67,2026-07-25 21:27:02.739428,3,100
ATM0874,Avocado,5.81,65.74,2026-07-25 21:27:02.739431,5,85
ATM0875,Avocado,2.77,43.27,2026-07-25 21:27:02.739433,15,89
ATM0876,Avocado,6.0,61.5,2026-07-25 21:27:02.739436,1,91
ATM0877,Avocado,5.55,47.45,2026-07-25 21:27:02.739438,7,88
ATM0878,Avocado,2.18,63.44,2026-07-25 21:27:02.739441,12,100
ATM0879,Avocado,2.89,52.82,2026-07-25 21:27:02.739444,1,81
ATM0880,Avocado,2.27,68.25,2026-07-25 21:27:02.739446,14,86
ATM0881,Avocado,2.45,63.69,2026-07-25 21:27:02.739449,13,95
ATM0882,Avocado,5.79,59.32,2026-07-25 21:27:02.739452,13,84
ATM0883,Avocado,7.63,51.11,2026-07-25 21:27:02.739454,12,84
ATM0884,Avocado,2.49,50.22,2026-07-25 21:27:02.739457,3,90
ATM0885,Avocado,5.63,67.23,2026-07-25 21:27:02.739459,8,89
ATM0886,Avocado,6.39,49.92,2026-07-25 21:27:02.739461,8,99
ATM0887,Avocado,4.06,40.04,2026-07-25 21:27:02.739464,4,92
ATM0888,Avocado,3.74,51.09,2026-07-25 21:27:02.739467,14,91
ATM0889,Avocado,2.79,46.41,2026-07-25 21:27:02.739469,5,86
ATM0890,Avocado,2.31,51.23,2026-07-25 21:27:02.739472,9,100
ATM0891,Avocado,7.5,56.29,2026-07-25 21:27:02.739474,12,85
ATM0892,Avocado,5.24,50.75,2026-07-25 21:27:02.739477,8,81
ATM0893,Avocado,2.46,52.43,2026-07-25 21:27:02.739479,2,80
ATM0894,Avocado,3.93,43.9,2026-07-25 21:27:02.739482,14,92
ATM0895,Avocado,5.09,65.03,2026-07-25 21:27:02.739484,2,98
ATM0896,Avocado,6.19,66.33,2026-07-25 21:27:02.739487,3,94
ATM0897,Avocado,6.85,56.58,2026-07-25 21:27:02.739489,5,90
ATM0898,Avocado,2.57,55.43,2026-07-25 21:27:02.739492,11,95
ATM0899,Avocado,7.35,47.91,2026-07-25 21:27:02.739494,6,90
ATM0900,Avocado,5.51,55.7,2026-07-25 21:27:02.739496,9,88
ATM0901,Avocado,7.11,40.4,2026-07-25 21:27:02.739499,5,83
ATM0902,Avocado,6.96,44.84,2026-07-25 21:27:02.739501,5,80
ATM0903,Avocado,3.27,68.98,2026-07-25 21:27:02.739503,1,89
ATM0904,Avocado,5.92,51.23,2026-07-25 21:27:02.739506,9,95
ATM0905,Avocado,7.67,40.31,2026-07-25 21:27:02.739508,11,97
ATM0906,Avocado,5.77,60.17,2026-07-25 21:27:02.739511,12,84
ATM0907,Avocado,6.93,68.14,2026-07-25 21:27:02.739513,6,90
ATM0908,Avocado,4.58,42.01,2026-07-25 21:27:02.739516,7,89
ATM0909,Avocado,5.0,41.56,2026-07-25 21:27:02.739518,2,96
ATM0910,Avocado,3.71,62.18,2026-07-25 21:27:02.739521,6,95
ATM0911,Avocado,7.24,51.57,2026-07-25 21:27:02.739523,11,96
ATM0912,Avocado,6.43,69.98,2026-07-25 21:27:02.739526,1,82
ATM0913,Avocado,3.6,47.27,2026-07-25 21:27:02.739528,14,93
ATM0914,Avocado,2.79,67.19,2026-07-25 21:27:02.739530,3,82
ATM0915,Avocado,6.17,60.35,2026-07-25 21:27:02.739533,10,100
ATM0916,Avocado,5.07,63.42,2026-07-25 21:27:02.739535,9,86
ATM0917,Avocado,5.74,69.46,2026-07-25 21:27:02.739538,1,88
ATM0918,Avocado,3.69,45.14,2026-07-25 21:27:02.739540,14,89
ATM0919,Avocado,5.29,48.59,2026-07-25 21:27:02.739543,2,97
ATM0920,Avocado,7.75,69.28,2026-07-25 21:27:02.739545,14,81
ATM0921,Avocado,6.55,45.38,2026-07-25 21:27:02.739547,15,87
ATM0922,Avocado,4.8,65.8,2026-07-25 21:27:02.739550,4,80
ATM0923,Avocado,6.45,63.84,2026-07-25 21:27:02.739552,12,85
ATM0924,Avocado,2.74,63.02,2026-07-25 21:27:02.739555,3,95
ATM0925,Avocado,5.8,59.5,2026-07-25 21:27:02.739557,4,80
ATM0926,Avocado,4.11,55.98,2026-07-25 21:27:02.739560,4,92
ATM0927,Avocado,5.05,69.24,2026-07-25 21:27:02.739562,14,92
ATM0928,Avocado,4.45,60.3,2026-07-25 21:27:02.739565,5,81
ATM0929,Avocado,5.54,63.9,2026-07-25 21:27:02.739567,8,83
ATM0930,Avocado,2.04,58.9,2026-07-25 21:27:02.739569,8,89
ATM0931,Avocado,2.5,52.12,2026-07-25 21:27:02.739572,5,87
ATM0932,Avocado,2.2,56.85,2026-07-25 21:27:02.739574,13,83
ATM0933,Avocado,4.38,44.07,2026-07-25 21:27:02.739577,13,86
ATM0934,Avocado,5.98,50.85,2026-07-25 21:27:02.739579,4,96
ATM0935,Avocado,7.46,62.77,2026-07-25 21:27:02.739582,4,87
ATM0936,Avocado,6.4,55.65,2026-07-25 21:27:02.739584,5,83
ATM0937,Avocado,2.58,62.96,2026-07-25 21:27:02.739587,1,86
ATM0938,Avocado,6.75,51.7,2026-07-25 21:27:02.739589,4,84
ATM0939,Avocado,6.56,66.68,2026-07-25 21:27:02.739591,11,89
ATM0940,Avocado,6.9,43.45,2026-07-25 21:27:02.739594,7,86
ATM0941,Avocado,7.92,45.56,2026-07-25 21:27:02.739596,15,97
ATM0942,Avocado,7.9,48.43,2026-07-25 21:27:02.739599,11,85
ATM0943,Avocado,5.48,45.64,2026-07-25 21:27:02.739601,12,96
ATM0944,Avocado,6.58,55.67,2026-07-25 21:27:02.739604,15,96
ATM0945,Avocado,2.3,50.66,2026-07-25 21:27:02.739606,5,86
ATM0946,Avocado,4.18,44.28,2026-07-25 21:27:02.739609,7,81
ATM0947,Avocado,2.14,47.95,2026-07-25 21:27:02.739611,15,93
ATM0948,Avocado,2.0,50.62,2026-07-25 21:27:02.739614,7,90
ATM0949,Avocado,7.7,66.2,2026-07-25 21:27:02.739616,5,83
ATM0950,Avocado,3.29,59.74,2026-07-25 21:27:02.739619,9,88
ATM0951,Avocado,3.12,56.11,2026-07-25 21:27:02.739621,10,88
ATM0952,Avocado,4.69,51.55,2026-07-25 21:27:02.739624,11,94
ATM0953,Avocado,3.06,46.5,2026-07-25 21:27:02.739626,14,96
ATM0954,Avocado,2.35,53.01,2026-07-25 21:27:02.739631,14,100
ATM0955,Avocado,5.62,54.5,2026-07-25 21:27:02.739633,6,96
ATM0956,Avocado,4.73,60.28,2026-07-25 21:27:02.739635,3,98
ATM0957,Avocado,6.34,47.51,2026-07-25 21:27:02.739638,3,87
ATM0958,Avocado,4.02,57.61,2026-07-25 21:27:02.739640,2,96
ATM0959,Avocado,5.06,66.09,2026-07-25 21:27:02.739643,6,83
ATM0960,Avocado,4.29,42.78,2026-07-25 21:27:02.739645,6,96
ATM0961,Avocado,3.92,56.53,2026-07-25 21:27:02.739648,10,86
ATM0962,Avocado,7.52,58.99,2026-07-25 21:27:02.739650,14,81
ATM0963,Avocado,4.02,42.79,2026-07-25 21:27:02.739653,13,97
ATM0964,Avocado,5.29,58.17,2026-07-25 21:27:02.739655,13,93
ATM0965,Avocado,2.88,69.85,2026-07-25 21:27:02.739657,3,99
ATM0966,Avocado,4.41,58.21,2026-07-25 21:27:02.739660,1,93
ATM0967,Avocado,3.85,50.46,2026-07-25 21:27:02.739662,11,83
ATM0968,Avocado,7.38,45.57,2026-07-25 21:27:02.739665,9,88
ATM0969,Avocado,3.42,47.32,2026-07-25 21:27:02.739667,8,83
ATM0970,Avocado,6.12,55.87,2026-07-25 21:27:02.739670,13,86
ATM0971,Avocado,5.66,45.56,2026-07-25 21:27:02.739672,4,82
ATM0972,Avocado,2.3,56.33,2026-07-25 21:27:02.739675,9,84
ATM0973,Avocado,3.23,44.11,2026-07-25 21:27:02.739677,8,91
ATM0974,Avocado,5.85,51.34,2026-07-25 21:27:02.739680,2,86
ATM0975,Avocado,7.85,47.57,2026-07-25 21:27:02.739682,11,97
ATM0976,Avocado,2.06,59.56,2026-07-25 21:27:02.739684,12,86
ATM0977,Avocado,5.96,66.64,2026-07-25 21:27:02.739687,12,97
ATM0978,Avocado,6.48,66.32,2026-07-25 21:27:02.739689,7,100
ATM0979,Avocado,4.06,46.72,2026-07-25 21:27:02.739692,10,83
ATM0980,Avocado,7.9,51.79,2026-07-25 21:27:02.739694,9,90
ATM0981,Avocado,6.66,51.76,2026-07-25 21:27:02.739697,3,85
ATM0982,Avocado,3.75,50.87,2026-07-25 21:27:02.739699,11,98
ATM0983,Avocado,6.67,50.84,2026-07-25 21:27:02.739701,15,99
ATM0984,Avocado,3.93,53.99,2026-07-25 21:27:02.739704,8,84
ATM0985,Avocado,5.6,64.86,2026-07-25 21:27:02.739706,6,81
ATM0986,Avocado,3.36,56.57,2026-07-25 21:27:02.739709,2,82
ATM0987,Avocado,5.66,46.9,2026-07-25 21:27:02.739711,14,94
ATM0988,Avocado,4.3,66.51,2026-07-25 21:27:02.739714,10,90
ATM0989,Avocado,3.66,43.34,2026-07-25 21:27:02.739716,9,92
ATM0990,Avocado,4.13,60.67,2026-07-25 21:27:02.739718,15,86
ATM0991,Avocado,2.43,67.39,2026-07-25 21:27:02.739721,11,96
ATM0992,Avocado,2.87,62.37,2026-07-25 21:27:02.739723,1,89
ATM0993,Avocado,5.95,64.41,2026-07-25 21:27:02.739726,15,92
ATM0994,Avocado,3.73,51.47,2026-07-25 21:27:02.739728,2,89
ATM0995,Avocado,7.35,47.02,2026-07-25 21:27:02.739731,2,90
ATM0996,Avocado,3.35,69.74,2026-07-25 21:27:02.739733,9,97
ATM0997,Avocado,3.17,47.05,2026-07-25 21:27:02.739735,4,80
ATM0998,Avocado,6.67,48.28,2026-07-25 21:27:02.739738,7,84
ATM0999,Avocado,6.54,42.37,2026-07-25 21:27:02.739740,13,84
ATM1000,Avocado,4.87,44.8,2026-07-25 21:27:02.739743,11,95
ATM1001,Avocado,2.46,50.06,2026-07-25 21:27:02.739745,10,83
ATM1002,Avocado,6.87,63.16,2026-07-25 21:27:02.739748,14,99
ATM1003,Avocado,5.18,40.4,2026-07-25 21:27:02.739750,5,83
ATM1004,Avocado,2.85,57.53,2026-07-25 21:27:02.739752,9,100
ATM1005,Avocado,3.72,55.83,2026-07-25 21:27:02.739755,13,85
ATM1006,Avocado,7.83,44.2,2026-07-25 21:27:02.739757,14,97
ATM1007,Avocado,2.05,61.26,2026-07-25 21:27:02.739760,12,97
ATM1008,Avocado,3.71,44.8,2026-07-25 21:27:02.739762,11,86
ATM1009,Avocado,5.4,61.35,2026-07-25 21:27:02.739765,8,88
ATM1010,Avocado,4.72,47.02,2026-07-25 21:27:02.739767,5,83
ATM1011,Avocado,4.12,40.58,2026-07-25 21:27:02.739770,12,86
ATM1012,Avocado,5.77,45.63,2026-07-25 21:27:02.739772,7,94
ATM1013,Avocado,6.24,52.56,2026-07-25 21:27:02.739774,1,90
ATM1014,Avocado,6.31,59.24,2026-07-25 21:27:02.739777,15,86
ATM1015,Avocado,6.07,40.34,2026-07-25 21:27:02.739779,1,81
ATM1016,Avocado,3.38,54.42,2026-07-25 21:27:02.739782,12,89
ATM1017,Avocado,6.78,44.0,2026-07-25 21:27:02.739784,8,92
ATM1018,Avocado,5.12,67.61,2026-07-25 21:27:02.739787,11,80
ATM1019,Avocado,2.63,61.37,2026-07-25 21:27:02.739789,1,98
ATM1020,Avocado,3.39,69.18,2026-07-25 21:27:02.739792,12,87
ATM1021,Avocado,3.25,56.43,2026-07-25 21:27:02.739794,11,89
ATM1022,Avocado,2.85,57.05,2026-07-25 21:27:02.739796,12,95
ATM1023,Avocado,3.92,52.28,2026-07-25 21:27:02.739799,10,93
ATM1024,Avocado,5.05,63.85,2026-07-25 21:27:02.739801,15,80
ATM1025,Avocado,3.57,47.45,2026-07-25 21:27:02.739803,3,82
ATM1026,Avocado,3.67,63.64,2026-07-25 21:27:02.739806,12,83
ATM1027,Avocado,7.56,62.28,2026-07-25 21:27:02.739808,3,100
ATM1028,Avocado,3.05,58.68,2026-07-25 21:27:02.739811,1,94
ATM1029,Avocado,4.37,62.27,2026-07-25 21:27:02.739813,14,85
ATM1030,Avocado,5.02,50.66,2026-07-25 21:27:02.739815,5,83
ATM1031,Avocado,4.9,42.22,2026-07-25 21:27:02.739818,9,100
ATM1032,Avocado,3.35,51.65,2026-07-25 21:27:02.739820,7,95
ATM1033,Avocado,2.88,48.83,2026-07-25 21:27:02.739823,7,92
ATM1034,Avocado,2.25,67.9,2026-07-25 21:27:02.739825,13,99
ATM1035,Avocado,4.45,53.25,2026-07-25 21:27:02.739828,7,98
ATM1036,Avocado,6.29,63.97,2026-07-25 21:27:02.739830,8,99
ATM1037,Avocado,5.52,53.79,2026-07-25 21:27:02.739833,11,80
ATM1038,Avocado,7.97,57.18,2026-07-25 21:27:02.739835,13,92
ATM1039,Avocado,5.59,63.57,2026-07-25 21:27:02.739838,14,86
ATM1040,Avocado,2.28,54.53,2026-07-25 21:27:02.739841,3,88
ATM1041,Avocado,3.44,67.83,2026-07-25 21:27:02.739843,8,94
ATM1042,Avocado,6.5,49.41,2026-07-25 21:27:02.739845,4,85
ATM1043,Avocado,5.07,46.13,2026-07-25 21:27:02.739848,7,93
ATM1044,Avocado,3.94,67.05,2026-07-25 21:27:02.739850,4,84
ATM1045,Avocado,5.88,55.7,2026-07-25 21:27:02.739853,5,99
ATM1046,Avocado,4.86,42.08,2026-07-25 21:27:02.739855,15,93
ATM1047,Avocado,3.98,46.1,2026-07-25 21:27:02.739858,8,90
ATM1048,Avocado,2.11,57.92,2026-07-25 21:27:02.739860,14,92
ATM1049,Avocado,2.06,44.1,2026-07-25 21:27:02.739863,14,89
ATM1050,Avocado,4.15,48.95,2026-07-25 21:27:02.739865,3,91
ATM1051,Avocado,2.83,40.43,2026-07-25 21:27:02.739867,14,98
ATM1052,Avocado,6.11,58.3,2026-07-25 21:27:02.739870,4,83
ATM1053,Avocado,2.81,52.92,2026-07-25 21:27:02.739872,12,89
ATM1054,Avocado,6.63,57.56,2026-07-25 21:27:02.739875,1,98
ATM1055,Avocado,3.26,64.89,2026-07-25 21:27:02.739877,13,81
ATM1056,Avocado,7.05,48.98,2026-07-25 21:27:02.739880,2,91
ATM1057,Avocado,7.36,48.03,2026-07-25 21:27:02.739882,11,100
ATM1058,Avocado,5.92,62.37,2026-07-25 21:27:02.739884,11,93
ATM1059,Avocado,6.17,43.21,2026-07-25 21:27:02.739887,5,83
ATM1060,Avocado,7.56,43.75,2026-07-25 21:27:02.739889,14,93
ATM1061,Avocado,5.52,64.69,2026-07-25 21:27:02.739892,2,87
ATM1062,Avocado,6.87,55.27,2026-07-25 21:27:02.739894,15,90
ATM1063,Avocado,6.07,66.1,2026-07-25 21:27:02.739897,11,95
ATM1064,Avocado,6.26,45.3,2026-07-25 21:27:02.739899,3,97
ATM1065,Avocado,7.39,41.25,2026-07-25 21:27:02.739902,8,80
ATM1066,Avocado,5.21,46.79,2026-07-25 21:27:02.739904,6,92
ATM1067,Avocado,5.43,69.66,2026-07-25 21:27:02.739907,13,86
ATM1068,Avocado,4.04,49.56,2026-07-25 21:27:02.739909,1,94
ATM1069,Avocado,5.93,50.75,2026-07-25 21:27:02.739912,3,91
ATM1070,Avocado,3.01,42.06,2026-07-25 21:27:02.739914,11,91
ATM1071,Avocado,3.6,64.62,2026-07-25 21:27:02.739917,13,90
ATM1072,Avocado,4.8,51.48,2026-07-25 21:27:02.739919,3,83
ATM1073,Avocado,2.84,40.47,2026-07-25 21:27:02.739921,10,93
ATM1074,Avocado,5.62,61.37,2026-07-25 21:27:02.739924,8,93
ATM1075,Avocado,5.67,46.46,2026-07-25 21:27:02.739926,10,99
ATM1076,Avocado,4.15,45.89,2026-07-25 21:27:02.739929,14,80
ATM1077,Avocado,6.24,46.43,2026-07-25 21:27:02.739931,15,87
ATM1078,Avocado,3.52,49.23,2026-07-25 21:27:02.739934,15,90
ATM1079,Avocado,7.28,67.98,2026-07-25 21:27:02.739936,12,99
ATM1080,Avocado,3.07,56.12,2026-07-25 21:27:02.739939,9,83
ATM1081,Avocado,6.85,55.84,2026-07-25 21:27:02.739941,7,81
ATM1082,Avocado,3.68,48.22,2026-07-25 21:27:02.739943,3,93
ATM1083,Avocado,7.36,42.61,2026-07-25 21:27:02.739946,14,93
ATM1084,Avocado,3.63,54.61,2026-07-25 21:27:02.739948,10,88
ATM1085,Avocado,2.21,45.53,2026-07-25 21:27:02.739951,8,94
ATM1086,Avocado,6.91,66.68,2026-07-25 21:27:02.739953,3,83
ATM1087,Avocado,2.25,44.35,2026-07-25 21:27:02.739956,9,90
ATM1088,Avocado,3.22,68.04,2026-07-25 21:27:02.739958,3,84
ATM1089,Avocado,3.86,43.39,2026-07-25 21:27:02.739961,10,100
ATM1090,Avocado,6.94,67.19,2026-07-25 21:27:02.739969,5,80
ATM1091,Avocado,5.81,66.77,2026-07-25 21:27:02.739971,1,80
ATM1092,Avocado,7.69,49.94,2026-07-25 21:27:02.739974,6,84
ATM1093,Avocado,4.79,52.66,2026-07-25 21:27:02.739976,6,100
ATM1094,Avocado,6.02,63.07,2026-07-25 21:27:02.739979,1,87
ATM1095,Avocado,3.15,55.1,2026-07-25 21:27:02.739981,14,82
ATM1096,Avocado,3.0,61.92,2026-07-25 21:27:02.739984,5,95
ATM1097,Avocado,6.17,57.5,2026-07-25 21:27:02.739986,5,96
ATM1098,Avocado,5.69,66.81,2026-07-25 21:27:02.739988,5,97
ATM1099,Avocado,3.55,62.74,2026-07-25 21:27:02.739991,12,96
ATM1100,Avocado,7.31,47.55,2026-07-25 21:27:02.739993,5,82
ATM1101,Avocado,3.9,48.87,2026-07-25 21:27:02.739996,9,87
ATM1102,Avocado,4.57,69.01,2026-07-25 21:27:02.739998,13,83
ATM1103,Avocado,7.01,67.07,2026-07-25 21:27:02.740000,7,93
ATM1104,Avocado,2.1,66.8,2026-07-25 21:27:02.740003,15,88
ATM1105,Avocado,5.95,57.86,2026-07-25 21:27:02.740005,13,97
ATM1106,Avocado,6.26,52.99,2026-07-25 21:27:02.740008,10,83
ATM1107,Avocado,2.56,51.78,2026-07-25 21:27:02.740010,5,88
ATM1108,Avocado,2.81,40.84,2026-07-25 21:27:02.740013,8,98
ATM1109,Avocado,4.08,42.11,2026-07-25 21:27:02.740015,8,95
ATM1110,Avocado,5.28,59.29,2026-07-25 21:27:02.740017,5,99
ATM1111,Avocado,6.21,52.72,2026-07-25 21:27:02.740020,1,84
ATM1112,Avocado,2.75,62.24,2026-07-25 21:27:02.740022,7,95
ATM1113,Avocado,7.46,56.84,2026-07-25 21:27:02.740025,15,94
ATM1114,Avocado,3.97,49.13,2026-07-25 21:27:02.740027,5,92
ATM1115,Avocado,5.47,64.39,2026-07-25 21:27:02.740029,5,99
ATM1116,Avocado,3.54,51.44,2026-07-25 21:27:02.740032,8,90
ATM1117,Avocado,3.81,40.61,2026-07-25 21:27:02.740034,3,96
ATM1118,Avocado,3.33,58.29,2026-07-25 21:27:02.740037,2,87
ATM1119,Avocado,4.67,47.42,2026-07-25 21:27:02.740039,1,97
ATM1120,Avocado,7.3,55.98,2026-07-25 21:27:02.740042,9,86
ATM1121,Avocado,2.35,65.64,2026-07-25 21:27:02.740044,10,99
ATM1122,Avocado,6.24,48.45,2026-07-25 21:27:02.740046,5,86
ATM1123,Avocado,3.68,58.04,2026-07-25 21:27:02.740049,6,94
ATM1124,Avocado,3.56,53.0,2026-07-25 21:27:02.740051,14,94
ATM1125,Avocado,7.5,50.78,2026-07-25 21:27:02.740054,2,83
ATM1126,Avocado,4.85,58.49,2026-07-25 21:27:02.740056,3,91
ATM1127,Avocado,2.2,50.79,2026-07-25 21:27:02.740059,5,90
ATM1128,Avocado,2.28,50.02,2026-07-25 21:27:02.740061,10,90
ATM1129,Avocado,6.32,40.24,2026-07-25 21:27:02.740064,2,89
ATM1130,Avocado,7.13,51.16,2026-07-25 21:27:02.740066,5,82
ATM1131,Avocado,7.97,58.87,2026-07-25 21:27:02.740069,6,94
ATM1132,Avocado,3.32,69.02,2026-07-25 21:27:02.740071,6,100
ATM1133,Avocado,5.24,47.02,2026-07-25 21:27:02.740074,14,85
ATM1134,Avocado,4.94,61.0,2026-07-25 21:27:02.740076,10,80
ATM1135,Avocado,4.78,44.83,2026-07-25 21:27:02.740078,4,81
ATM1136,Avocado,7.74,60.72,2026-07-25 21:27:02.740081,10,88
ATM1137,Avocado,5.87,47.51,2026-07-25 21:27:02.740084,15,97
ATM1138,Avocado,6.71,48.2,2026-07-25 21:27:02.740086,11,94
ATM1139,Avocado,4.14,68.37,2026-07-25 21:27:02.740089,13,97
ATM1140,Avocado,6.22,45.97,2026-07-25 21:27:02.740091,15,94
ATM1141,Avocado,5.87,66.62,2026-07-25 21:27:02.740094,1,88
ATM1142,Avocado,3.4,51.58,2026-07-25 21:27:02.740096,8,89
ATM1143,Avocado,5.81,41.42,2026-07-25 21:27:02.740099,14,96
ATM1144,Avocado,6.09,45.17,2026-07-25 21:27:02.740101,13,92
ATM1145,Avocado,3.93,66.9,2026-07-25 21:27:02.740104,9,95
ATM1146,Avocado,3.33,40.51,2026-07-25 21:27:02.740106,12,94
ATM1147,Avocado,7.46,60.92,2026-07-25 21:27:02.740108,8,97
ATM1148,Avocado,6.38,62.75,2026-07-25 21:27:02.740111,2,94
ATM1149,Avocado,5.35,68.24,2026-07-25 21:27:02.740113,4,100
ATM1150,Avocado,6.94,47.16,2026-07-25 21:27:02.740116,5,90
ATM1151,Avocado,7.46,52.78,2026-07-25 21:27:02.740118,3,92
ATM1152,Avocado,4.24,65.69,2026-07-25 21:27:02.740121,4,92
ATM1153,Avocado,5.95,66.74,2026-07-25 21:27:02.740123,3,89
ATM1154,Avocado,5.25,55.81,2026-07-25 21:27:02.740126,11,100
ATM1155,Avocado,6.22,46.56,2026-07-25 21:27:02.740128,14,87
ATM1156,Avocado,6.89,66.07,2026-07-25 21:27:02.740131,6,92
ATM1157,Avocado,7.34,69.12,2026-07-25 21:27:02.740133,4,95
ATM1158,Avocado,3.83,67.92,2026-07-25 21:27:02.740135,4,80
ATM1159,Avocado,5.58,45.19,2026-07-25 21:27:02.740138,8,83
ATM1160,Avocado,4.96,61.33,2026-07-25 21:27:02.740140,10,93
ATM1161,Avocado,3.58,43.97,2026-07-25 21:27:02.740143,12,100
ATM1162,Avocado,2.05,62.27,2026-07-25 21:27:02.740145,4,85
ATM1163,Avocado,4.99,56.6,2026-07-25 21:27:02.740148,8,82
ATM1164,Avocado,2.36,57.3,2026-07-25 21:27:02.740150,14,85
ATM1165,Avocado,2.97,45.38,2026-07-25 21:27:02.740152,15,87
ATM1166,Avocado,6.09,40.07,2026-07-25 21:27:02.740155,15,92
ATM1167,Avocado,5.82,60.21,2026-07-25 21:27:02.740157,13,80
ATM1168,Avocado,5.27,58.1,2026-07-25 21:27:02.740160,10,81
ATM1169,Avocado,7.79,48.81,2026-07-25 21:27:02.740162,11,87
ATM1170,Avocado,6.76,46.47,2026-07-25 21:27:02.740165,9,96
ATM1171,Avocado,5.26,44.24,2026-07-25 21:27:02.740167,9,96
ATM1172,Avocado,7.36,43.6,2026-07-25 21:27:02.740170,1,91
ATM1173,Avocado,5.53,69.72,2026-07-25 21:27:02.740172,1,84
ATM1174,Avocado,6.24,55.33,2026-07-25 21:27:02.740175,1,88
ATM1175,Avocado,2.44,55.46,2026-07-25 21:27:02.740177,3,85
ATM1176,Avocado,5.76,54.49,2026-07-25 21:27:02.740180,13,84
ATM1177,Avocado,6.11,54.68,2026-07-25 21:27:02.740182,11,85
ATM1178,Avocado,3.4,57.52,2026-07-25 21:27:02.740185,13,96
ATM1179,Avocado,7.63,55.08,2026-07-25 21:27:02.740187,3,98
ATM1180,Avocado,5.92,43.3,2026-07-25 21:27:02.740189,2,93
ATM1181,Avocado,2.49,66.17,2026-07-25 21:27:02.740192,12,85
ATM1182,Avocado,6.79,68.92,2026-07-25 21:27:02.740194,13,89
ATM1183,Avocado,5.02,42.71,2026-07-25 21:27:02.740197,15,100
ATM1184,Avocado,5.42,61.92,2026-07-25 21:27:02.740199,2,85
ATM1185,Avocado,5.15,57.04,2026-07-25 21:27:02.740202,3,83
ATM1186,Avocado,6.8,63.96,2026-07-25 21:27:02.740204,9,94
ATM1187,Avocado,6.19,65.59,2026-07-25 21:27:02.740207,5,91
ATM1188,Avocado,7.9,67.34,2026-07-25 21:27:02.740209,7,84
ATM1189,Avocado,2.81,48.77,2026-07-25 21:27:02.740211,3,87
ATM1190,Avocado,6.63,62.42,2026-07-25 21:27:02.740214,13,83
ATM1191,Avocado,3.45,69.71,2026-07-25 21:27:02.740216,10,90
ATM1192,Avocado,2.56,43.84,2026-07-25 21:27:02.740219,1,93
ATM1193,Avocado,4.73,46.74,2026-07-25 21:27:02.740221,5,91
ATM1194,Avocado,7.59,47.2,2026-07-25 21:27:02.740223,11,100
ATM1195,Avocado,3.0,55.11,2026-07-25 21:27:02.740226,11,85
ATM1196,Avocado,7.16,49.79,2026-07-25 21:27:02.740228,6,96
ATM1197,Avocado,3.84,59.8,2026-07-25 21:27:02.740231,1,100
ATM1198,Avocado,6.0,52.19,2026-07-25 21:27:02.740233,5,94
ATM1199,Avocado,3.57,65.91,2026-07-25 21:27:02.740236,4,96
ATM1200,Avocado,2.23,50.99,2026-07-25 21:27:02.740238,1,94
ATM1201,Avocado,4.09,62.37,2026-07-25 21:27:02.740241,12,96
ATM1202,Avocado,2.59,44.93,2026-07-25 21:27:02.740243,2,99
ATM1203,Avocado,6.39,45.52,2026-07-25 21:27:02.740246,12,95
ATM1204,Avocado,3.69,60.02,2026-07-25 21:27:02.740248,10,80
ATM1205,Avocado,2.68,61.25,2026-07-25 21:27:02.740251,5,89
ATM1206,Avocado,6.45,57.75,2026-07-25 21:27:02.740253,4,94
ATM1207,Avocado,4.19,41.5,2026-07-25 21:27:02.740255,9,83
ATM1208,Avocado,2.26,41.33,2026-07-25 21:27:02.740258,4,86
ATM1209,Avocado,3.29,61.01,2026-07-25 21:27:02.740260,15,85
ATM1210,Avocado,7.46,67.23,2026-07-25 21:27:02.740263,13,92
ATM1211,Avocado,3.87,43.21,2026-07-25 21:27:02.740265,1,84
ATM1212,Avocado,6.59,59.98,2026-07-25 21:27:02.740268,1,87
ATM1213,Avocado,2.58,53.21,2026-07-25 21:27:02.740270,7,95
ATM1214,Avocado,4.53,67.1,2026-07-25 21:27:02.740273,14,96
ATM1215,Avocado,6.46,41.13,2026-07-25 21:27:02.740275,7,97
ATM1216,Avocado,7.72,62.03,2026-07-25 21:27:02.740277,2,88
ATM1217,Avocado,7.79,42.87,2026-07-25 21:27:02.740280,9,90
ATM1218,Avocado,2.78,62.27,2026-07-25 21:27:02.740282,14,91
ATM1219,Avocado,3.4,45.42,2026-07-25 21:27:02.740285,8,90
ATM1220,Avocado,7.53,67.48,2026-07-25 21:27:02.740287,3,100
ATM1221,Avocado,4.59,69.85,2026-07-25 21:27:02.740290,14,95
ATM1222,Avocado,6.81,58.3,2026-07-25 21:27:02.740292,10,82
ATM1223,Avocado,4.76,43.22,2026-07-25 21:27:02.740294,2,93
ATM1224,Avocado,7.67,55.73,2026-07-25 21:27:02.740297,10,88
ATM1225,Avocado,5.38,44.44,2026-07-25 21:27:02.740299,8,93
ATM1226,Avocado,5.01,43.23,2026-07-25 21:27:02.740302,12,80
ATM1227,Avocado,4.59,57.32,2026-07-25 21:27:02.740306,13,88
ATM1228,Avocado,7.08,47.79,2026-07-25 21:27:02.740309,11,89
ATM1229,Avocado,3.23,47.39,2026-07-25 21:27:02.740311,12,89
ATM1230,Avocado,2.81,62.09,2026-07-25 21:27:02.740314,14,84
ATM1231,Avocado,6.35,51.14,2026-07-25 21:27:02.740316,14,80
ATM1232,Avocado,7.89,43.53,2026-07-25 21:27:02.740319,1,95
ATM1233,Avocado,2.63,60.36,2026-07-25 21:27:02.740321,11,85
ATM1234,Avocado,4.18,67.65,2026-07-25 21:27:02.740324,11,82
ATM1235,Avocado,7.49,43.89,2026-07-25 21:27:02.740326,2,85
ATM1236,Avocado,4.74,49.0,2026-07-25 21:27:02.740329,7,97
ATM1237,Avocado,2.42,64.86,2026-07-25 21:27:02.740331,10,88
ATM1238,Avocado,4.8,46.35,2026-07-25 21:27:02.740333,12,85
ATM1239,Avocado,7.84,44.02,2026-07-25 21:27:02.740336,4,97
ATM1240,Avocado,3.32,52.58,2026-07-25 21:27:02.740338,8,85
ATM1241,Avocado,2.65,59.13,2026-07-25 21:27:02.740341,8,98
ATM1242,Avocado,6.72,47.15,2026-07-25 21:27:02.740343,11,90
ATM1243,Avocado,2.15,67.51,2026-07-25 21:27:02.740346,3,83
ATM1244,Avocado,6.26,64.42,2026-07-25 21:27:02.740348,11,90
ATM1245,Avocado,6.98,52.84,2026-07-25 21:27:02.740351,9,99
ATM1246,Avocado,3.54,43.46,2026-07-25 21:27:02.740353,8,93
ATM1247,Avocado,4.22,52.37,2026-07-25 21:27:02.740356,12,87
ATM1248,Avocado,6.85,69.5,2026-07-25 21:27:02.740358,7,93
ATM1249,Avocado,7.46,66.89,2026-07-25 21:27:02.740360,1,82
ATM1250,Avocado,4.67,58.0,2026-07-25 21:27:02.740363,6,100
ATM1251,Avocado,2.23,49.3,2026-07-25 21:27:02.740365,9,83
ATM1252,Avocado,4.69,45.01,2026-07-25 21:27:02.740368,6,88
ATM1253,Avocado,2.81,66.2,2026-07-25 21:27:02.740370,13,91
ATM1254,Avocado,5.68,44.87,2026-07-25 21:27:02.740373,2,93
ATM1255,Avocado,5.36,61.16,2026-07-25 21:27:02.740375,15,98
ATM1256,Avocado,2.59,46.14,2026-07-25 21:27:02.740378,9,82
ATM1257,Avocado,2.17,46.97,2026-07-25 21:27:02.740380,2,97
ATM1258,Avocado,4.31,61.02,2026-07-25 21:27:02.740383,10,93
ATM1259,Avocado,4.77,45.69,2026-07-25 21:27:02.740385,8,90
ATM1260,Avocado,3.75,56.2,2026-07-25 21:27:02.740387,12,95
ATM1261,Avocado,7.81,51.51,2026-07-25 21:27:02.740390,9,90
ATM1262,Avocado,3.41,52.46,2026-07-25 21:27:02.740392,6,87
ATM1263,Avocado,7.54,40.51,2026-07-25 21:27:02.740395,2,88
ATM1264,Avocado,5.31,47.82,2026-07-25 21:27:02.740397,14,85
ATM1265,Avocado,5.12,69.62,2026-07-25 21:27:02.740400,10,98
ATM1266,Avocado,6.23,42.7,2026-07-25 21:27:02.740402,4,94
ATM1267,Avocado,3.89,59.56,2026-07-25 21:27:02.740405,9,85
ATM1268,Avocado,7.45,68.22,2026-07-25 21:27:02.740407,8,99
ATM1269,Avocado,4.52,57.09,2026-07-25 21:27:02.740409,12,100
ATM1270,Avocado,2.49,67.79,2026-07-25 21:27:02.740412,14,83
ATM1271,Avocado,5.51,53.26,2026-07-25 21:27:02.740415,11,95
ATM1272,Avocado,5.92,57.37,2026-07-25 21:27:02.740417,9,89
ATM1273,Avocado,3.17,47.33,2026-07-25 21:27:02.740419,8,95
ATM1274,Avocado,3.16,50.26,2026-07-25 21:27:02.740422,6,83
ATM1275,Avocado,3.77,42.33,2026-07-25 21:27:02.740424,12,91
ATM1276,Avocado,3.81,64.07,2026-07-25 21:27:02.740427,5,83
ATM1277,Avocado,5.38,60.37,2026-07-25 21:27:02.740429,8,100
ATM1278,Avocado,3.54,64.52,2026-07-25 21:27:02.740432,14,83
ATM1279,Avocado,6.81,69.81,2026-07-25 21:27:02.740434,8,82
ATM1280,Avocado,4.67,65.1,2026-07-25 21:27:02.740437,3,87
ATM1281,Avocado,6.63,68.7,2026-07-25 21:27:02.740439,3,86
ATM1282,Avocado,4.78,69.3,2026-07-25 21:27:02.740441,9,81
ATM1283,Avocado,3.64,43.21,2026-07-25 21:27:02.740444,3,85
ATM1284,Avocado,5.3,46.31,2026-07-25 21:27:02.740446,1,85
ATM1285,Avocado,3.3,44.79,2026-07-25 21:27:02.740449,10,85
ATM1286,Avocado,3.17,40.84,2026-07-25 21:27:02.740451,2,94
ATM1287,Avocado,7.28,53.84,2026-07-25 21:27:02.740453,8,81
ATM1288,Avocado,6.49,45.89,2026-07-25 21:27:02.740456,6,82
ATM1289,Avocado,7.7,43.07,2026-07-25 21:27:02.740459,2,97
ATM1290,Avocado,5.92,53.03,2026-07-25 21:27:02.740461,2,85
ATM1291,Avocado,2.63,69.18,2026-07-25 21:27:02.740463,7,96
ATM1292,Avocado,5.63,44.44,2026-07-25 21:27:02.740466,12,85
ATM1293,Avocado,4.54,44.24,2026-07-25 21:27:02.740468,13,92
ATM1294,Avocado,3.7,40.58,2026-07-25 21:27:02.740471,9,83
ATM1295,Avocado,3.38,50.29,2026-07-25 21:27:02.740473,8,84
ATM1296,Avocado,3.66,58.2,2026-07-25 21:27:02.740476,10,83
ATM1297,Avocado,7.28,43.16,2026-07-25 21:27:02.740478,3,85
ATM1298,Avocado,3.37,59.29,2026-07-25 21:27:02.740481,6,100
ATM1299,Avocado,6.49,57.76,2026-07-25 21:27:02.740483,9,93
ATM1300,Avocado,7.56,42.87,2026-07-25 21:27:02.740486,9,85
ATM1301,Avocado,6.83,65.53,2026-07-25 21:27:02.740488,14,94
ATM1302,Avocado,2.03,45.22,2026-07-25 21:27:02.740490,7,92
ATM1303,Avocado,7.36,46.36,2026-07-25 21:27:02.740493,3,84
ATM1304,Avocado,7.8,45.54,2026-07-25 21:27:02.740495,2,100
ATM1305,Avocado,5.62,63.09,2026-07-25 21:27:02.740498,15,95
ATM1306,Avocado,4.07,49.14,2026-07-25 21:27:02.740500,8,80
ATM1307,Avocado,7.93,43.17,2026-07-25 21:27:02.740502,9,85
ATM1308,Avocado,3.54,40.66,2026-07-25 21:27:02.740505,10,95
ATM1309,Avocado,4.76,61.98,2026-07-25 21:27:02.740507,6,81
ATM1310,Avocado,7.77,43.18,2026-07-25 21:27:02.740510,5,100
ATM1311,Avocado,7.54,62.77,2026-07-25 21:27:02.740512,8,83
ATM1312,Avocado,3.79,68.83,2026-07-25 21:27:02.740514,1,88
ATM1313,Avocado,5.86,60.51,2026-07-25 21:27:02.740517,12,81
ATM1314,Avocado,4.84,56.09,2026-07-25 21:27:02.740519,9,80
ATM1315,Avocado,3.51,44.36,2026-07-25 21:27:02.740522,9,80
ATM1316,Avocado,5.51,44.64,2026-07-25 21:27:02.740524,3,95
ATM1317,Avocado,7.73,42.32,2026-07-25 21:27:02.740527,5,96
ATM1318,Avocado,3.33,44.96,2026-07-25 21:27:02.740529,6,89
ATM1319,Avocado,5.92,68.86,2026-07-25 21:27:02.740531,2,95
ATM1320,Avocado,2.4,43.34,2026-07-25 21:27:02.740534,9,95
ATM1321,Avocado,4.8,47.15,2026-07-25 21:27:02.740536,12,100
ATM1322,Avocado,4.72,63.03,2026-07-25 21:27:02.740539,9,94
ATM1323,Avocado,5.8,59.92,2026-07-25 21:27:02.740541,11,85
ATM1324,Avocado,2.74,54.11,2026-07-25 21:27:02.740544,3,90
ATM1325,Avocado,7.81,59.82,2026-07-25 21:27:02.740546,6,93
ATM1326,Avocado,5.36,64.69,2026-07-25 21:27:02.740549,9,90
ATM1327,Avocado,3.49,63.53,2026-07-25 21:27:02.740551,2,89
ATM1328,Avocado,2.24,48.63,2026-07-25 21:27:02.740554,15,95
ATM1329,Avocado,4.61,65.39,2026-07-25 21:27:02.740556,13,97
ATM1330,Avocado,6.57,51.25,2026-07-25 21:27:02.740558,9,100
ATM1331,Avocado,2.84,68.52,2026-07-25 21:27:02.740561,13,83
ATM1332,Avocado,3.55,68.66,2026-07-25 21:27:02.740563,8,85
ATM1333,Avocado,3.08,46.71,2026-07-25 21:27:02.740566,7,100
ATM1334,Avocado,7.65,69.55,2026-07-25 21:27:02.740568,14,100
ATM1335,Avocado,2.63,59.45,2026-07-25 21:27:02.740571,6,87
ATM1336,Avocado,7.32,55.63,2026-07-25 21:27:02.740573,12,93
ATM1337,Avocado,3.91,41.76,2026-07-25 21:27:02.740576,1,84
ATM1338,Avocado,5.6,68.59,2026-07-25 21:27:02.740578,3,93
ATM1339,Avocado,5.03,51.47,2026-07-25 21:27:02.740581,3,83
ATM1340,Avocado,3.49,42.91,2026-07-25 21:27:02.740583,7,85
ATM1341,Avocado,2.35,66.91,2026-07-25 21:27:02.740585,10,91
ATM1342,Avocado,4.21,62.59,2026-07-25 21:27:02.740588,6,91
ATM1343,Avocado,3.89,44.38,2026-07-25 21:27:02.740590,12,80
ATM1344,Avocado,4.42,45.65,2026-07-25 21:27:02.740593,1,92
ATM1345,Avocado,3.72,49.51,2026-07-25 21:27:02.740595,7,85
ATM1346,Avocado,5.41,52.41,2026-07-25 21:27:02.740598,14,82
ATM1347,Avocado,3.1,58.79,2026-07-25 21:27:02.740600,15,90
ATM1348,Avocado,7.47,58.81,2026-07-25 21:27:02.740602,5,80
ATM1349,Avocado,6.99,42.81,2026-07-25 21:27:02.740605,8,94
ATM1350,Avocado,4.05,49.38,2026-07-25 21:27:02.740607,5,97
ATM1351,Avocado,2.84,42.71,2026-07-25 21:27:02.740610,8,80
ATM1352,Avocado,7.13,49.8,2026-07-25 21:27:02.740612,11,87
ATM1353,Avocado,7.36,45.21,2026-07-25 21:27:02.740615,13,81
ATM1354,Avocado,5.94,47.19,2026-07-25 21:27:02.740617,6,97
ATM1355,Avocado,2.41,42.95,2026-07-25 21:27:02.740619,4,85
ATM1356,Avocado,7.78,51.18,2026-07-25 21:27:02.740622,2,81
ATM1357,Avocado,2.94,69.4,2026-07-25 21:27:02.740624,14,92
ATM1358,Avocado,3.5,63.68,2026-07-25 21:27:02.740627,8,98
ATM1359,Avocado,2.49,62.62,2026-07-25 21:27:02.740629,11,100
ATM1360,Avocado,3.58,40.27,2026-07-25 21:27:02.740632,6,100
ATM1361,Avocado,3.54,64.14,2026-07-25 21:27:02.740634,15,91
ATM1362,Avocado,3.33,44.71,2026-07-25 21:27:02.740637,9,89
ATM1363,Avocado,2.96,66.58,2026-07-25 21:27:02.740645,10,94
ATM1364,Avocado,2.05,57.43,2026-07-25 21:27:02.740647,2,82
ATM1365,Avocado,7.33,56.22,2026-07-25 21:27:02.740650,11,100
ATM1366,Avocado,7.12,51.72,2026-07-25 21:27:02.740652,9,95
ATM1367,Avocado,5.06,48.57,2026-07-25 21:27:02.740655,14,81
ATM1368,Avocado,3.34,60.29,2026-07-25 21:27:02.740657,11,95
ATM1369,Avocado,7.42,61.27,2026-07-25 21:27:02.740659,6,82
ATM1370,Avocado,5.49,65.88,2026-07-25 21:27:02.740662,5,82
ATM1371,Avocado,5.85,44.72,2026-07-25 21:27:02.740664,6,99
ATM1372,Avocado,7.82,59.88,2026-07-25 21:27:02.740667,5,96
ATM1373,Avocado,5.38,42.1,2026-07-25 21:27:02.740669,1,98
ATM1374,Avocado,3.43,68.55,2026-07-25 21:27:02.740672,5,98
ATM1375,Avocado,8.0,68.22,2026-07-25 21:27:02.740674,1,87
ATM1376,Avocado,8.0,61.81,2026-07-25 21:27:02.740676,12,89
ATM1377,Avocado,6.02,52.32,2026-07-25 21:27:02.740679,9,94
ATM1378,Avocado,2.29,57.26,2026-07-25 21:27:02.740681,1,95
ATM1379,Avocado,3.96,54.34,2026-07-25 21:27:02.740684,8,92
ATM1380,Avocado,7.34,46.28,2026-07-25 21:27:02.740686,13,90
ATM1381,Avocado,4.23,57.79,2026-07-25 21:27:02.740688,1,95
ATM1382,Avocado,3.61,41.5,2026-07-25 21:27:02.740691,9,84
ATM1383,Avocado,5.13,64.39,2026-07-25 21:27:02.740693,9,89
ATM1384,Avocado,5.56,69.14,2026-07-25 21:27:02.740696,7,91
ATM1385,Avocado,7.16,55.26,2026-07-25 21:27:02.740698,1,81
ATM1386,Avocado,6.94,41.08,2026-07-25 21:27:02.740701,4,100
ATM1387,Avocado,6.26,69.51,2026-07-25 21:27:02.740703,2,92
ATM1388,Avocado,5.59,68.32,2026-07-25 21:27:02.740706,11,84
ATM1389,Avocado,7.9,51.95,2026-07-25 21:27:02.740708,5,97
ATM1390,Avocado,2.24,57.6,2026-07-25 21:27:02.740710,2,88
ATM1391,Avocado,6.41,61.79,2026-07-25 21:27:02.740713,14,98
ATM1392,Avocado,3.01,67.99,2026-07-25 21:27:02.740715,9,82
ATM1393,Avocado,2.08,60.84,2026-07-25 21:27:02.740718,13,80
ATM1394,Avocado,3.48,61.59,2026-07-25 21:27:02.740720,14,85
ATM1395,Avocado,3.41,58.86,2026-07-25 21:27:02.740723,1,92
ATM1396,Avocado,4.44,40.65,2026-07-25 21:27:02.740725,8,96
ATM1397,Avocado,4.82,52.54,2026-07-25 21:27:02.740727,14,81
ATM1398,Avocado,7.32,62.87,2026-07-25 21:27:02.740730,4,98
ATM1399,Avocado,6.21,53.46,2026-07-25 21:27:02.740732,1,100
ATM1400,Avocado,6.56,48.36,2026-07-25 21:27:02.740735,10,90
ATM1401,Avocado,4.24,45.61,2026-07-25 21:27:02.740737,11,91
ATM1402,Avocado,3.24,56.97,2026-07-25 21:27:02.740740,2,94
ATM1403,Avocado,7.78,67.78,2026-07-25 21:27:02.740742,9,92
ATM1404,Avocado,2.47,52.67,2026-07-25 21:27:02.740744,3,91
ATM1405,Avocado,7.16,56.71,2026-07-25 21:27:02.740747,9,91
ATM1406,Avocado,5.64,62.31,2026-07-25 21:27:02.740749,14,97
ATM1407,Avocado,7.31,43.61,2026-07-25 21:27:02.740752,14,83
ATM1408,Avocado,6.14,43.71,2026-07-25 21:27:02.740754,12,84
ATM1409,Avocado,7.43,48.47,2026-07-25 21:27:02.740757,7,84
ATM1410,Avocado,5.85,56.49,2026-07-25 21:27:02.740759,7,84
ATM1411,Avocado,7.52,64.67,2026-07-25 21:27:02.740762,15,90
ATM1412,Avocado,7.81,52.23,2026-07-25 21:27:02.740764,12,86
ATM1413,Avocado,2.62,69.53,2026-07-25 21:27:02.740767,15,81
ATM1414,Avocado,5.16,41.44,2026-07-25 21:27:02.740769,13,85
ATM1415,Avocado,6.68,44.38,2026-07-25 21:27:02.740771,4,80
ATM1416,Avocado,2.78,48.46,2026-07-25 21:27:02.740774,11,93
ATM1417,Avocado,3.28,47.27,2026-07-25 21:27:02.740776,1,84
ATM1418,Avocado,5.8,56.5,2026-07-25 21:27:02.740779,5,83
ATM1419,Avocado,2.52,65.59,2026-07-25 21:27:02.740781,7,89
ATM1420,Avocado,5.89,65.13,2026-07-25 21:27:02.740784,12,80
ATM1421,Avocado,7.73,60.54,2026-07-25 21:27:02.740786,2,92
ATM1422,Avocado,5.76,53.62,2026-07-25 21:27:02.740789,4,87
ATM1423,Avocado,4.19,67.31,2026-07-25 21:27:02.740791,7,94
ATM1424,Avocado,3.45,48.56,2026-07-25 21:27:02.740794,12,84
ATM1425,Avocado,7.7,56.59,2026-07-25 21:27:02.740796,3,96
ATM1426,Avocado,6.75,42.33,2026-07-25 21:27:02.740799,10,89
ATM1427,Avocado,2.61,42.21,2026-07-25 21:27:02.740801,3,85
ATM1428,Avocado,3.17,56.57,2026-07-25 21:27:02.740804,5,88
ATM1429,Avocado,4.58,55.7,2026-07-25 21:27:02.740806,13,88
ATM1430,Avocado,7.18,46.31,2026-07-25 21:27:02.740808,12,81
ATM1431,Avocado,3.73,47.7,2026-07-25 21:27:02.740811,11,99
ATM1432,Avocado,3.6,47.39,2026-07-25 21:27:02.740813,14,90
ATM1433,Avocado,3.38,52.87,2026-07-25 21:27:02.740816,11,100
ATM1434,Avocado,7.53,68.44,2026-07-25 21:27:02.740818,3,90
ATM1435,Avocado,4.67,56.42,2026-07-25 21:27:02.740821,10,97
ATM1436,Avocado,5.77,69.61,2026-07-25 21:27:02.740823,9,85
ATM1437,Avocado,4.11,63.47,2026-07-25 21:27:02.740825,13,90
ATM1438,Avocado,7.42,58.27,2026-07-25 21:27:02.740828,14,83
ATM1439,Avocado,5.41,67.81,2026-07-25 21:27:02.740830,12,89
ATM1440,Avocado,3.29,59.94,2026-07-25 21:27:02.740833,10,100
ATM1441,Avocado,4.23,63.0,2026-07-25 21:27:02.740835,6,94
ATM1442,Avocado,6.96,49.36,2026-07-25 21:27:02.740838,12,87
ATM1443,Avocado,4.26,69.07,2026-07-25 21:27:02.740840,14,80
ATM1444,Avocado,7.01,64.84,2026-07-25 21:27:02.740843,8,80
ATM1445,Avocado,4.43,52.91,2026-07-25 21:27:02.740845,15,83
ATM1446,Avocado,3.38,69.17,2026-07-25 21:27:02.740848,15,92
ATM1447,Avocado,7.69,40.17,2026-07-25 21:27:02.740850,14,99
ATM1448,Avocado,4.2,49.83,2026-07-25 21:27:02.740852,7,89
ATM1449,Avocado,3.94,56.7,2026-07-25 21:27:02.740855,14,91
ATM1450,Avocado,7.63,47.92,2026-07-25 21:27:02.740857,8,86
ATM1451,Avocado,5.23,48.88,2026-07-25 21:27:02.740860,11,98
ATM1452,Avocado,6.84,67.42,2026-07-25 21:27:02.740862,2,100
ATM1453,Avocado,3.77,45.98,2026-07-25 21:27:02.740864,14,84
ATM1454,Avocado,5.79,46.44,2026-07-25 21:27:02.740867,8,95
ATM1455,Avocado,4.97,55.66,2026-07-25 21:27:02.740869,9,89
ATM1456,Avocado,5.27,48.18,2026-07-25 21:27:02.740872,14,89
ATM1457,Avocado,4.02,49.43,2026-07-25 21:27:02.740874,3,91
ATM1458,Avocado,5.47,68.6,2026-07-25 21:27:02.740877,12,85
ATM1459,Avocado,4.98,69.98,2026-07-25 21:27:02.740879,7,100
ATM1460,Avocado,6.25,43.81,2026-07-25 21:27:02.740882,5,100
ATM1461,Avocado,3.83,48.65,2026-07-25 21:27:02.740884,3,99
ATM1462,Avocado,6.5,51.11,2026-07-25 21:27:02.740887,7,99
ATM1463,Avocado,2.66,61.63,2026-07-25 21:27:02.740889,7,96
ATM1464,Avocado,3.23,58.93,2026-07-25 21:27:02.740892,12,87
ATM1465,Avocado,6.5,40.2,2026-07-25 21:27:02.740894,5,97
ATM1466,Avocado,6.51,46.86,2026-07-25 21:27:02.740897,2,89
ATM1467,Avocado,7.52,68.86,2026-07-25 21:27:02.740899,14,91
ATM1468,Avocado,6.13,49.16,2026-07-25 21:27:02.740901,8,89
ATM1469,Avocado,5.8,56.57,2026-07-25 21:27:02.740904,10,92
ATM1470,Avocado,2.06,53.54,2026-07-25 21:27:02.740906,11,97
ATM1471,Avocado,7.37,47.02,2026-07-25 21:27:02.740909,8,92
ATM1472,Avocado,7.01,57.01,2026-07-25 21:27:02.740911,9,98
ATM1473,Avocado,7.6,43.22,2026-07-25 21:27:02.740914,10,97
ATM1474,Avocado,4.49,43.75,2026-07-25 21:27:02.740916,5,85
ATM1475,Avocado,7.79,48.18,2026-07-25 21:27:02.740919,12,83
ATM1476,Avocado,4.7,56.6,2026-07-25 21:27:02.740921,12,99
ATM1477,Avocado,4.58,51.57,2026-07-25 21:27:02.740924,14,81
ATM1478,Avocado,2.81,69.37,2026-07-25 21:27:02.740926,15,90
ATM1479,Avocado,2.58,50.26,2026-07-25 21:27:02.740929,11,90
ATM1480,Avocado,2.68,55.57,2026-07-25 21:27:02.740931,10,85
ATM1481,Avocado,4.39,59.75,2026-07-25 21:27:02.740934,11,97
ATM1482,Avocado,6.98,53.04,2026-07-25 21:27:02.740936,10,86
ATM1483,Avocado,2.55,57.83,2026-07-25 21:27:02.740938,14,94
ATM1484,Avocado,6.52,65.32,2026-07-25 21:27:02.740941,9,83
ATM1485,Avocado,2.82,69.91,2026-07-25 21:27:02.740943,5,93
ATM1486,Avocado,4.29,67.14,2026-07-25 21:27:02.740946,14,95
ATM1487,Avocado,6.68,54.65,2026-07-25 21:27:02.740948,13,97
ATM1488,Avocado,7.49,49.25,2026-07-25 21:27:02.740951,5,87
ATM1489,Avocado,4.5,68.79,2026-07-25 21:27:02.740953,15,87
ATM1490,Avocado,4.01,67.21,2026-07-25 21:27:02.740955,14,88
ATM1491,Avocado,7.11,61.2,2026-07-25 21:27:02.740958,14,99
ATM1492,Avocado,3.18,55.86,2026-07-25 21:27:02.740960,9,81
ATM1493,Avocado,3.07,52.35,2026-07-25 21:27:02.740963,2,100
ATM1494,Avocado,6.67,44.68,2026-07-25 21:27:02.740965,5,93
ATM1495,Avocado,3.08,69.37,2026-07-25 21:27:02.740968,7,84
ATM1496,Avocado,2.44,64.19,2026-07-25 21:27:02.740970,6,100
ATM1497,Avocado,4.37,52.08,2026-07-25 21:27:02.740972,7,92
ATM1498,Avocado,3.84,62.3,2026-07-25 21:27:02.740975,3,83
ATM1499,Avocado,7.92,46.42,2026-07-25 21:27:02.740979,6,96
ATM1500,Avocado,5.73,59.41,2026-07-25 21:27:02.740982,5,81
ATM1501,Avocado,6.65,65.11,2026-07-25 21:27:02.740984,11,80
ATM1502,Avocado,6.14,50.24,2026-07-25 21:27:02.740987,15,87
ATM1503,Avocado,5.31,56.17,2026-07-25 21:27:02.740989,13,97
ATM1504,Avocado,5.0,64.51,2026-07-25 21:27:02.740992,1,83
ATM1505,Avocado,2.32,66.54,2026-07-25 21:27:02.740994,9,99
ATM1506,Avocado,4.23,52.67,2026-07-25 21:27:02.740996,13,84
ATM1507,Avocado,6.39,62.92,2026-07-25 21:27:02.740999,13,98
ATM1508,Avocado,4.49,59.97,2026-07-25 21:27:02.741001,14,90
ATM1509,Avocado,4.63,61.05,2026-07-25 21:27:02.741004,15,87
ATM1510,Avocado,7.0,64.71,2026-07-25 21:27:02.741006,11,86
ATM1511,Avocado,6.46,42.08,2026-07-25 21:27:02.741008,8,87
ATM1512,Avocado,3.94,61.39,2026-07-25 21:27:02.741011,13,81
ATM1513,Avocado,6.11,65.68,2026-07-25 21:27:02.741013,12,86
ATM1514,Avocado,7.78,54.59,2026-07-25 21:27:02.741016,4,85
ATM1515,Avocado,3.03,58.36,2026-07-25 21:27:02.741018,8,96
ATM1516,Avocado,7.25,63.85,2026-07-25 21:27:02.741021,10,93
ATM1517,Avocado,2.14,52.45,2026-07-25 21:27:02.741023,3,83
ATM1518,Avocado,2.73,44.15,2026-07-25 21:27:02.741026,2,97
ATM1519,Avocado,7.52,60.16,2026-07-25 21:27:02.741028,5,83
ATM1520,Avocado,2.15,47.87,2026-07-25 21:27:02.741031,15,99
ATM1521,Avocado,7.29,69.92,2026-07-25 21:27:02.741033,11,89
ATM1522,Avocado,2.19,49.81,2026-07-25 21:27:02.741036,4,81
ATM1523,Avocado,3.6,44.48,2026-07-25 21:27:02.741038,10,83
ATM1524,Avocado,2.04,45.53,2026-07-25 21:27:02.741040,7,83
ATM1525,Avocado,4.98,55.53,2026-07-25 21:27:02.741043,9,92
ATM1526,Avocado,6.59,48.63,2026-07-25 21:27:02.741045,9,80
ATM1527,Avocado,7.71,61.71,2026-07-25 21:27:02.741048,3,85
ATM1528,Avocado,2.67,63.86,2026-07-25 21:27:02.741050,14,85
ATM1529,Avocado,4.94,50.93,2026-07-25 21:27:02.741052,6,81
ATM1530,Avocado,3.35,56.58,2026-07-25 21:27:02.741055,1,88
ATM1531,Avocado,3.55,61.94,2026-07-25 21:27:02.741058,4,98
ATM1532,Avocado,4.09,50.32,2026-07-25 21:27:02.741060,6,88
ATM1533,Avocado,4.41,66.46,2026-07-25 21:27:02.741062,2,98
ATM1534,Avocado,2.93,60.87,2026-07-25 21:27:02.741065,7,94
ATM1535,Avocado,2.17,48.38,2026-07-25 21:27:02.741067,5,85
ATM1536,Avocado,7.58,40.0,2026-07-25 21:27:02.741070,11,87
ATM1537,Avocado,7.46,59.7,2026-07-25 21:27:02.741072,13,89
ATM1538,Avocado,7.38,68.34,2026-07-25 21:27:02.741075,1,97
ATM1539,Avocado,2.5,63.0,2026-07-25 21:27:02.741077,7,83
ATM1540,Avocado,4.21,45.05,2026-07-25 21:27:02.741079,13,88
ATM1541,Avocado,7.9,45.47,2026-07-25 21:27:02.741082,1,96
ATM1542,Avocado,3.09,50.67,2026-07-25 21:27:02.741084,6,94
ATM1543,Avocado,5.7,41.18,2026-07-25 21:27:02.741087,14,100
ATM1544,Avocado,3.28,64.35,2026-07-25 21:27:02.741089,13,89
ATM1545,Avocado,4.59,46.61,2026-07-25 21:27:02.741092,2,93
ATM1546,Avocado,3.88,64.99,2026-07-25 21:27:02.741094,13,88
ATM1547,Avocado,6.28,47.05,2026-07-25 21:27:02.741097,1,99
ATM1548,Avocado,3.26,48.26,2026-07-25 21:27:02.741099,2,92
ATM1549,Avocado,4.26,64.99,2026-07-25 21:27:02.741101,7,95
ATM1550,Avocado,2.52,66.59,2026-07-25 21:27:02.741104,1,84
ATM1551,Avocado,4.55,64.96,2026-07-25 21:27:02.741106,10,89
ATM1552,Avocado,5.18,52.37,2026-07-25 21:27:02.741109,5,90
ATM1553,Avocado,2.4,68.54,2026-07-25 21:27:02.741111,15,88
ATM1554,Avocado,6.82,61.75,2026-07-25 21:27:02.741114,6,96
ATM1555,Avocado,3.95,46.2,2026-07-25 21:27:02.741116,3,85
ATM1556,Avocado,3.11,69.36,2026-07-25 21:27:02.741118,6,96
ATM1557,Avocado,3.82,68.75,2026-07-25 21:27:02.741121,9,96
ATM1558,Avocado,3.26,57.17,2026-07-25 21:27:02.741123,13,83
ATM1559,Avocado,2.95,51.18,2026-07-25 21:27:02.741126,9,86
ATM1560,Avocado,6.51,47.13,2026-07-25 21:27:02.741128,3,87
ATM1561,Avocado,2.08,44.32,2026-07-25 21:27:02.741130,5,97
ATM1562,Avocado,4.13,45.03,2026-07-25 21:27:02.741133,6,85
ATM1563,Avocado,3.97,42.27,2026-07-25 21:27:02.741135,15,89
ATM1564,Avocado,4.33,68.15,2026-07-25 21:27:02.741138,9,81
ATM1565,Avocado,4.52,61.76,2026-07-25 21:27:02.741140,5,97
ATM1566,Avocado,5.86,59.58,2026-07-25 21:27:02.741143,13,96
ATM1567,Avocado,7.44,42.36,2026-07-25 21:27:02.741145,5,90
ATM1568,Avocado,4.62,54.99,2026-07-25 21:27:02.741148,1,95
ATM1569,Avocado,3.34,49.47,2026-07-25 21:27:02.741150,4,82
ATM1570,Avocado,7.38,49.94,2026-07-25 21:27:02.741153,11,85
ATM1571,Avocado,6.52,43.81,2026-07-25 21:27:02.741155,8,86
ATM1572,Avocado,7.3,46.83,2026-07-25 21:27:02.741158,13,80
ATM1573,Avocado,3.11,43.8,2026-07-25 21:27:02.741160,8,99
ATM1574,Avocado,6.72,53.1,2026-07-25 21:27:02.741162,14,88
ATM1575,Avocado,3.2,51.99,2026-07-25 21:27:02.741165,2,92
ATM1576,Avocado,5.11,51.49,2026-07-25 21:27:02.741167,4,98
ATM1577,Avocado,3.33,65.87,2026-07-25 21:27:02.741170,11,91
ATM1578,Avocado,3.65,63.26,2026-07-25 21:27:02.741172,1,92
ATM1579,Avocado,2.8,51.97,2026-07-25 21:27:02.741175,1,82
ATM1580,Avocado,2.95,66.7,2026-07-25 21:27:02.741177,15,83
ATM1581,Avocado,7.07,64.06,2026-07-25 21:27:02.741180,5,97
ATM1582,Avocado,6.8,50.23,2026-07-25 21:27:02.741182,5,98
ATM1583,Avocado,5.28,50.07,2026-07-25 21:27:02.741184,2,82
ATM1584,Avocado,7.99,41.0,2026-07-25 21:27:02.741187,6,92
ATM1585,Avocado,2.74,43.79,2026-07-25 21:27:02.741189,14,97
ATM1586,Avocado,2.32,59.34,2026-07-25 21:27:02.741192,1,99
ATM1587,Avocado,4.36,48.67,2026-07-25 21:27:02.741194,1,85
ATM1588,Avocado,5.87,65.12,2026-07-25 21:27:02.741197,15,87
ATM1589,Avocado,3.07,52.3,2026-07-25 21:27:02.741199,5,88
ATM1590,Avocado,4.66,47.17,2026-07-25 21:27:02.741201,6,98
ATM1591,Avocado,5.69,40.42,2026-07-25 21:27:02.741204,13,99
ATM1592,Avocado,6.2,59.5,2026-07-25 21:27:02.741206,14,90
ATM1593,Avocado,3.11,68.4,2026-07-25 21:27:02.741209,14,100
ATM1594,Avocado,4.45,54.66,2026-07-25 21:27:02.741211,13,88
ATM1595,Avocado,7.94,59.24,2026-07-25 21:27:02.741214,11,88
ATM1596,Avocado,6.76,55.99,2026-07-25 21:27:02.741216,13,92
ATM1597,Avocado,6.36,68.14,2026-07-25 21:27:02.741219,6,85
ATM1598,Avocado,5.02,65.95,2026-07-25 21:27:02.741221,5,95
ATM1599,Avocado,7.45,65.51,2026-07-25 21:27:02.741223,1,100
ATM1600,Avocado,4.75,49.67,2026-07-25 21:27:02.741226,5,97
ATM1601,Avocado,2.48,48.36,2026-07-25 21:27:02.741228,11,83
ATM1602,Avocado,6.12,69.51,2026-07-25 21:27:02.741231,10,83
ATM1603,Avocado,6.98,62.82,2026-07-25 21:27:02.741233,9,100
ATM1604,Avocado,3.5,59.86,2026-07-25 21:27:02.741236,10,93
ATM1605,Avocado,4.29,57.36,2026-07-25 21:27:02.741238,5,94
ATM1606,Avocado,2.02,67.65,2026-07-25 21:27:02.741240,7,83
ATM1607,Avocado,2.63,58.82,2026-07-25 21:27:02.741243,3,86
ATM1608,Avocado,4.3,59.08,2026-07-25 21:27:02.741245,6,85
ATM1609,Avocado,2.2,51.22,2026-07-25 21:27:02.741248,8,88
ATM1610,Avocado,3.11,55.72,2026-07-25 21:27:02.741250,15,96
ATM1611,Avocado,4.4,59.12,2026-07-25 21:27:02.741253,12,99
ATM1612,Avocado,3.44,53.71,2026-07-25 21:27:02.741255,1,93
ATM1613,Avocado,6.08,60.77,2026-07-25 21:27:02.741258,10,89
ATM1614,Avocado,3.25,55.04,2026-07-25 21:27:02.741260,3,85
ATM1615,Avocado,7.2,60.67,2026-07-25 21:27:02.741263,8,99
ATM1616,Avocado,6.89,59.26,2026-07-25 21:27:02.741265,12,86
ATM1617,Avocado,2.29,43.23,2026-07-25 21:27:02.741268,1,88
ATM1618,Avocado,7.8,67.51,2026-07-25 21:27:02.741270,5,94
ATM1619,Avocado,2.47,42.65,2026-07-25 21:27:02.741273,12,84
ATM1620,Avocado,7.16,66.38,2026-07-25 21:27:02.741275,3,99
ATM1621,Avocado,5.64,43.73,2026-07-25 21:27:02.741278,6,97
ATM1622,Avocado,6.58,67.52,2026-07-25 21:27:02.741280,6,87
ATM1623,Avocado,4.78,42.0,2026-07-25 21:27:02.741283,5,98
ATM1624,Avocado,6.31,60.01,2026-07-25 21:27:02.741285,6,91
ATM1625,Avocado,6.38,40.12,2026-07-25 21:27:02.741287,15,81
ATM1626,Avocado,5.79,67.91,2026-07-25 21:27:02.741290,11,93
ATM1627,Avocado,6.61,44.01,2026-07-25 21:27:02.741292,1,89
ATM1628,Avocado,5.18,68.62,2026-07-25 21:27:02.741295,1,90
ATM1629,Avocado,6.9,55.65,2026-07-25 21:27:02.741297,11,85
ATM1630,Avocado,5.22,60.01,2026-07-25 21:27:02.741300,4,88
ATM1631,Avocado,5.95,52.83,2026-07-25 21:27:02.741302,12,84
ATM1632,Avocado,6.53,53.55,2026-07-25 21:27:02.741304,3,93
ATM1633,Avocado,6.48,55.09,2026-07-25 21:27:02.741307,13,86
ATM1634,Avocado,4.47,53.17,2026-07-25 21:27:02.741309,8,91
ATM1635,Avocado,6.32,65.4,2026-07-25 21:27:02.741312,13,97
ATM1636,Avocado,7.71,47.15,2026-07-25 21:27:02.741317,4,85
ATM1637,Avocado,5.92,66.17,2026-07-25 21:27:02.741320,1,100
ATM1638,Avocado,4.25,42.59,2026-07-25 21:27:02.741322,5,98
ATM1639,Avocado,3.94,67.22,2026-07-25 21:27:02.741325,13,83
ATM1640,Avocado,7.26,49.61,2026-07-25 21:27:02.741327,14,96
ATM1641,Avocado,2.39,66.86,2026-07-25 21:27:02.741330,7,91
ATM1642,Avocado,4.2,42.44,2026-07-25 21:27:02.741332,15,100
ATM1643,Avocado,7.45,60.8,2026-07-25 21:27:02.741335,13,89
ATM1644,Avocado,3.04,45.15,2026-07-25 21:27:02.741337,3,89
ATM1645,Avocado,5.11,59.83,2026-07-25 21:27:02.741340,13,93
ATM1646,Avocado,6.07,52.8,2026-07-25 21:27:02.741342,6,93
ATM1647,Avocado,4.51,60.61,2026-07-25 21:27:02.741344,14,83
ATM1648,Avocado,5.33,41.28,2026-07-25 21:27:02.741347,11,97
ATM1649,Avocado,5.61,57.33,2026-07-25 21:27:02.741349,15,85
ATM1650,Avocado,4.03,65.34,2026-07-25 21:27:02.741352,1,97
ATM1651,Avocado,4.74,50.37,2026-07-25 21:27:02.741354,1,92
ATM1652,Avocado,7.6,46.02,2026-07-25 21:27:02.741357,3,92
ATM1653,Avocado,2.17,50.2,2026-07-25 21:27:02.741359,10,91
ATM1654,Avocado,2.93,56.42,2026-07-25 21:27:02.741362,11,88
ATM1655,Avocado,2.81,69.77,2026-07-25 21:27:02.741364,14,95
ATM1656,Avocado,2.01,40.53,2026-07-25 21:27:02.741367,13,91
ATM1657,Avocado,7.21,50.71,2026-07-25 21:27:02.741369,12,87
ATM1658,Avocado,7.02,60.53,2026-07-25 21:27:02.741371,15,83
ATM1659,Avocado,5.74,62.91,2026-07-25 21:27:02.741374,1,92
ATM1660,Avocado,3.64,61.92,2026-07-25 21:27:02.741376,10,98
ATM1661,Avocado,6.77,43.0,2026-07-25 21:27:02.741379,15,98
ATM1662,Avocado,2.62,48.46,2026-07-25 21:27:02.741381,14,100
ATM1663,Avocado,7.46,54.82,2026-07-25 21:27:02.741384,7,81
ATM1664,Avocado,2.23,56.48,2026-07-25 21:27:02.741386,7,83
ATM1665,Avocado,3.98,63.42,2026-07-25 21:27:02.741389,4,99
ATM1666,Avocado,6.56,68.53,2026-07-25 21:27:02.741391,9,87
ATM1667,Avocado,4.12,66.12,2026-07-25 21:27:02.741393,12,100
ATM1668,Avocado,4.3,55.66,2026-07-25 21:27:02.741396,3,89
ATM1669,Avocado,7.19,46.69,2026-07-25 21:27:02.741399,15,81
ATM1670,Avocado,2.7,64.52,2026-07-25 21:27:02.741401,8,98
ATM1671,Avocado,3.95,65.58,2026-07-25 21:27:02.741403,11,88
ATM1672,Avocado,7.83,62.48,2026-07-25 21:27:02.741406,3,99
ATM1673,Avocado,6.35,51.38,2026-07-25 21:27:02.741408,10,91
ATM1674,Avocado,3.36,66.38,2026-07-25 21:27:02.741411,1,95
ATM1675,Avocado,5.85,59.37,2026-07-25 21:27:02.741413,14,96
ATM1676,Avocado,4.04,55.74,2026-07-25 21:27:02.741416,1,93
ATM1677,Avocado,4.48,54.57,2026-07-25 21:27:02.741418,10,86
ATM1678,Avocado,5.25,51.38,2026-07-25 21:27:02.741421,13,88
ATM1679,Avocado,2.46,46.74,2026-07-25 21:27:02.741423,12,91
ATM1680,Avocado,4.96,51.95,2026-07-25 21:27:02.741425,13,96
ATM1681,Avocado,6.8,49.39,2026-07-25 21:27:02.741428,12,81
ATM1682,Avocado,2.56,59.55,2026-07-25 21:27:02.741430,3,95
ATM1683,Avocado,3.03,44.99,2026-07-25 21:27:02.741433,9,89
ATM1684,Avocado,6.51,51.54,2026-07-25 21:27:02.741435,1,94
ATM1685,Avocado,3.16,56.24,2026-07-25 21:27:02.741437,5,87
ATM1686,Avocado,5.66,40.04,2026-07-25 21:27:02.741440,6,90
ATM1687,Avocado,3.29,62.83,2026-07-25 21:27:02.741442,7,100
ATM1688,Avocado,3.25,58.33,2026-07-25 21:27:02.741445,12,87
ATM1689,Avocado,7.55,57.83,2026-07-25 21:27:02.741447,3,84
ATM1690,Avocado,6.96,63.66,2026-07-25 21:27:02.741450,7,83
ATM1691,Avocado,2.05,58.2,2026-07-25 21:27:02.741452,7,80
ATM1692,Avocado,3.38,67.03,2026-07-25 21:27:02.741455,5,90
ATM1693,Avocado,4.67,41.2,2026-07-25 21:27:02.741457,6,84
ATM1694,Avocado,6.57,54.69,2026-07-25 21:27:02.741459,9,89
ATM1695,Avocado,2.57,63.46,2026-07-25 21:27:02.741462,12,100
ATM1696,Avocado,3.37,69.67,2026-07-25 21:27:02.741464,11,81
ATM1697,Avocado,2.66,63.19,2026-07-25 21:27:02.741467,2,97
ATM1698,Avocado,5.11,52.84,2026-07-25 21:27:02.741469,4,88
ATM1699,Avocado,3.74,40.45,2026-07-25 21:27:02.741472,12,84
ATM1700,Avocado,7.05,59.87,2026-07-25 21:27:02.741474,9,92
ATM1701,Avocado,5.21,68.35,2026-07-25 21:27:02.741476,14,99
ATM1702,Avocado,5.92,66.45,2026-07-25 21:27:02.741479,2,95
ATM1703,Avocado,2.47,64.27,2026-07-25 21:27:02.741482,8,85
ATM1704,Avocado,3.83,51.03,2026-07-25 21:27:02.741484,1,90
ATM1705,Avocado,6.04,63.51,2026-07-25 21:27:02.741486,13,99
ATM1706,Avocado,7.41,66.83,2026-07-25 21:27:02.741489,11,92
ATM1707,Avocado,5.88,48.59,2026-07-25 21:27:02.741491,10,85
ATM1708,Avocado,3.88,68.93,2026-07-25 21:27:02.741494,11,92
ATM1709,Avocado,5.59,64.91,2026-07-25 21:27:02.741496,9,98
ATM1710,Avocado,5.85,61.96,2026-07-25 21:27:02.741499,9,93
ATM1711,Avocado,3.33,41.88,2026-07-25 21:27:02.741501,2,98
ATM1712,Avocado,7.51,57.15,2026-07-25 21:27:02.741504,11,88
ATM1713,Avocado,4.87,46.73,2026-07-25 21:27:02.741506,3,81
ATM1714,Avocado,3.64,40.91,2026-07-25 21:27:02.741508,10,87
ATM1715,Avocado,5.3,46.26,2026-07-25 21:27:02.741511,15,80
ATM1716,Avocado,5.77,49.78,2026-07-25 21:27:02.741513,12,87
ATM1717,Avocado,6.31,54.59,2026-07-25 21:27:02.741516,12,88
ATM1718,Avocado,3.46,67.79,2026-07-25 21:27:02.741518,14,100
ATM1719,Avocado,5.32,64.87,2026-07-25 21:27:02.741521,5,81
ATM1720,Avocado,3.58,44.21,2026-07-25 21:27:02.741523,9,90
ATM1721,Avocado,6.25,55.08,2026-07-25 21:27:02.741526,15,81
ATM1722,Avocado,2.01,40.58,2026-07-25 21:27:02.741528,12,82
ATM1723,Avocado,5.52,56.93,2026-07-25 21:27:02.741530,1,86
ATM1724,Avocado,6.87,41.55,2026-07-25 21:27:02.741533,4,95
ATM1725,Avocado,5.58,43.41,2026-07-25 21:27:02.741535,11,83
ATM1726,Avocado,6.96,63.7,2026-07-25 21:27:02.741538,4,85
ATM1727,Avocado,7.73,60.06,2026-07-25 21:27:02.741540,3,98
ATM1728,Avocado,2.78,47.06,2026-07-25 21:27:02.741543,12,94
ATM1729,Avocado,6.34,66.69,2026-07-25 21:27:02.741545,3,91
ATM1730,Avocado,6.96,64.27,2026-07-25 21:27:02.741548,14,84
ATM1731,Avocado,3.1,49.11,2026-07-25 21:27:02.741550,7,99
ATM1732,Avocado,2.01,64.13,2026-07-25 21:27:02.741552,3,97
ATM1733,Avocado,2.01,59.8,2026-07-25 21:27:02.741555,12,100
ATM1734,Avocado,2.08,40.26,2026-07-25 21:27:02.741557,11,87
ATM1735,Avocado,6.73,45.65,2026-07-25 21:27:02.741560,1,90
ATM1736,Avocado,2.62,43.52,2026-07-25 21:27:02.741562,8,87
ATM1737,Avocado,5.67,41.08,2026-07-25 21:27:02.741565,5,85
ATM1738,Avocado,7.07,43.68,2026-07-25 21:27:02.741567,12,93
ATM1739,Avocado,5.09,43.28,2026-07-25 21:27:02.741570,6,90
ATM1740,Avocado,6.27,65.28,2026-07-25 21:27:02.741572,10,94
ATM1741,Avocado,3.01,64.86,2026-07-25 21:27:02.741574,2,83
ATM1742,Avocado,4.0,43.29,2026-07-25 21:27:02.741577,9,83
ATM1743,Avocado,6.6,43.95,2026-07-25 21:27:02.741579,7,95
ATM1744,Avocado,2.95,48.89,2026-07-25 21:27:02.741582,3,86
ATM1745,Avocado,7.63,41.56,2026-07-25 21:27:02.741584,10,85
ATM1746,Avocado,2.91,66.32,2026-07-25 21:27:02.741587,6,100
ATM1747,Avocado,3.73,41.51,2026-07-25 21:27:02.741589,14,96
ATM1748,Avocado,2.61,56.24,2026-07-25 21:27:02.741591,7,80
ATM1749,Avocado,5.67,50.54,2026-07-25 21:27:02.741594,13,81
ATM1750,Avocado,7.99,53.38,2026-07-25 21:27:02.741596,8,86
ATM1751,Avocado,7.0,50.65,2026-07-25 21:27:02.741599,13,88
ATM1752,Avocado,5.18,51.96,2026-07-25 21:27:02.741601,10,88
ATM1753,Avocado,7.59,67.94,2026-07-25 21:27:02.741604,9,94
ATM1754,Avocado,6.37,66.58,2026-07-25 21:27:02.741606,12,96
ATM1755,Avocado,7.33,62.36,2026-07-25 21:27:02.741608,15,95
ATM1756,Avocado,3.24,49.18,2026-07-25 21:27:02.741611,11,85
ATM1757,Avocado,4.39,44.9,2026-07-25 21:27:02.741613,14,94
ATM1758,Avocado,5.51,52.61,2026-07-25 21:27:02.741616,9,97
ATM1759,Avocado,6.68,40.08,2026-07-25 21:27:02.741618,3,88
ATM1760,Avocado,6.49,66.74,2026-07-25 21:27:02.741621,6,99
ATM1761,Avocado,7.0,69.15,2026-07-25 21:27:02.741623,14,94
ATM1762,Avocado,2.57,66.76,2026-07-25 21:27:02.741626,9,95
ATM1763,Avocado,3.59,61.77,2026-07-25 21:27:02.741628,13,97
ATM1764,Avocado,2.44,56.92,2026-07-25 21:27:02.741630,9,97
ATM1765,Avocado,2.9,59.52,2026-07-25 21:27:02.741633,15,81
ATM1766,Avocado,6.94,63.04,2026-07-25 21:27:02.741635,8,90
ATM1767,Avocado,4.57,50.98,2026-07-25 21:27:02.741638,8,96
ATM1768,Avocado,6.37,57.81,2026-07-25 21:27:02.741640,10,91
ATM1769,Avocado,4.5,52.49,2026-07-25 21:27:02.741643,8,95
ATM1770,Avocado,2.65,46.62,2026-07-25 21:27:02.741645,13,87
ATM1771,Avocado,7.51,43.81,2026-07-25 21:27:02.741648,7,86
ATM1772,Avocado,6.2,68.42,2026-07-25 21:27:02.741652,4,95
ATM1773,Avocado,2.5,61.73,2026-07-25 21:27:02.741655,7,92
ATM1774,Avocado,3.5,46.86,2026-07-25 21:27:02.741657,15,90
ATM1775,Avocado,7.33,68.27,2026-07-25 21:27:02.741659,13,91
ATM1776,Avocado,7.5,51.18,2026-07-25 21:27:02.741662,5,88
ATM1777,Avocado,2.17,45.34,2026-07-25 21:27:02.741664,5,84
ATM1778,Avocado,7.96,64.53,2026-07-25 21:27:02.741667,11,83
ATM1779,Avocado,6.25,52.58,2026-07-25 21:27:02.741669,12,89
ATM1780,Avocado,3.69,43.72,2026-07-25 21:27:02.741672,2,82
ATM1781,Avocado,5.28,46.99,2026-07-25 21:27:02.741674,5,80
ATM1782,Avocado,4.35,55.65,2026-07-25 21:27:02.741677,12,80
ATM1783,Avocado,5.53,44.67,2026-07-25 21:27:02.741679,13,80
ATM1784,Avocado,6.77,67.42,2026-07-25 21:27:02.741681,15,87
ATM1785,Avocado,7.21,64.66,2026-07-25 21:27:02.741684,6,88
ATM1786,Avocado,4.82,57.18,2026-07-25 21:27:02.741686,6,84
ATM1787,Avocado,5.83,45.91,2026-07-25 21:27:02.741689,10,93
ATM1788,Avocado,7.53,60.78,2026-07-25 21:27:02.741691,3,94
ATM1789,Avocado,5.15,61.38,2026-07-25 21:27:02.741694,15,96
ATM1790,Avocado,6.58,52.37,2026-07-25 21:27:02.741696,13,89
ATM1791,Avocado,7.31,61.73,2026-07-25 21:27:02.741698,15,100
ATM1792,Avocado,4.82,42.04,2026-07-25 21:27:02.741701,11,95
ATM1793,Avocado,3.06,56.52,2026-07-25 21:27:02.741703,4,87
ATM1794,Avocado,2.08,60.64,2026-07-25 21:27:02.741706,12,89
ATM1795,Avocado,4.37,46.79,2026-07-25 21:27:02.741708,8,88
ATM1796,Avocado,4.4,41.78,2026-07-25 21:27:02.741711,4,95
ATM1797,Avocado,4.92,69.08,2026-07-25 21:27:02.741713,3,87
ATM1798,Avocado,4.7,49.88,2026-07-25 21:27:02.741716,9,91
ATM1799,Avocado,7.84,57.99,2026-07-25 21:27:02.741718,15,98
ATM1800,Avocado,4.85,43.55,2026-07-25 21:27:02.741721,13,94
ATM1801,Avocado,2.09,43.35,2026-07-25 21:27:02.741723,14,88
ATM1802,Avocado,5.78,56.55,2026-07-25 21:27:02.741726,10,96
ATM1803,Avocado,3.05,47.84,2026-07-25 21:27:02.741728,13,98
ATM1804,Avocado,4.08,60.94,2026-07-25 21:27:02.741731,5,87
ATM1805,Avocado,7.94,50.81,2026-07-25 21:27:02.741733,1,88
ATM1806,Avocado,5.56,54.53,2026-07-25 21:27:02.741735,5,89
ATM1807,Avocado,6.41,65.02,2026-07-25 21:27:02.741738,3,100
ATM1808,Avocado,5.47,68.14,2026-07-25 21:27:02.741740,13,80
ATM1809,Avocado,5.15,45.47,2026-07-25 21:27:02.741743,3,82
ATM1810,Avocado,7.38,58.14,2026-07-25 21:27:02.741745,15,80
ATM1811,Avocado,4.16,62.34,2026-07-25 21:27:02.741748,4,98
ATM1812,Avocado,2.56,68.12,2026-07-25 21:27:02.741750,5,82
ATM1813,Avocado,5.23,52.15,2026-07-25 21:27:02.741753,8,86
ATM1814,Avocado,7.44,48.4,2026-07-25 21:27:02.741755,6,85
ATM1815,Avocado,3.09,61.71,2026-07-25 21:27:02.741757,6,82
ATM1816,Avocado,4.16,51.59,2026-07-25 21:27:02.741760,3,87
ATM1817,Avocado,4.9,68.11,2026-07-25 21:27:02.741762,5,97
ATM1818,Avocado,7.58,64.83,2026-07-25 21:27:02.741765,14,95
ATM1819,Avocado,3.11,66.08,2026-07-25 21:27:02.741767,9,82
ATM1820,Avocado,5.29,46.87,2026-07-25 21:27:02.741770,1,90
ATM1821,Avocado,7.71,46.99,2026-07-25 21:27:02.741772,15,88
ATM1822,Avocado,2.09,60.0,2026-07-25 21:27:02.741774,7,84
ATM1823,Avocado,3.1,45.44,2026-07-25 21:27:02.741777,15,82
ATM1824,Avocado,7.03,68.97,2026-07-25 21:27:02.741779,3,87
ATM1825,Avocado,7.18,46.29,2026-07-25 21:27:02.741782,10,86
ATM1826,Avocado,6.04,62.39,2026-07-25 21:27:02.741784,3,96
ATM1827,Avocado,2.69,44.11,2026-07-25 21:27:02.741786,12,88
ATM1828,Avocado,2.36,65.21,2026-07-25 21:27:02.741789,13,86
ATM1829,Avocado,7.93,69.18,2026-07-25 21:27:02.741791,13,95
ATM1830,Avocado,3.17,53.21,2026-07-25 21:27:02.741794,13,94
ATM1831,Avocado,5.21,61.0,2026-07-25 21:27:02.741796,8,99
ATM1832,Avocado,3.2,62.3,2026-07-25 21:27:02.741799,6,95
ATM1833,Avocado,4.22,55.17,2026-07-25 21:27:02.741801,1,99
ATM1834,Avocado,4.32,66.3,2026-07-25 21:27:02.741804,15,83
ATM1835,Avocado,7.38,51.74,2026-07-25 21:27:02.741806,13,92
ATM1836,Avocado,6.94,67.06,2026-07-25 21:27:02.741808,9,87
ATM1837,Avocado,2.03,46.85,2026-07-25 21:27:02.741811,9,85
ATM1838,Avocado,4.77,62.74,2026-07-25 21:27:02.741813,1,96
ATM1839,Avocado,4.51,54.7,2026-07-25 21:27:02.741816,8,80
ATM1840,Avocado,3.34,63.28,2026-07-25 21:27:02.741818,2,87
ATM1841,Avocado,5.21,54.17,2026-07-25 21:27:02.741821,11,83
ATM1842,Avocado,4.16,62.17,2026-07-25 21:27:02.741823,2,80
ATM1843,Avocado,5.6,43.51,2026-07-25 21:27:02.741825,3,100
ATM1844,Avocado,2.25,65.82,2026-07-25 21:27:02.741828,13,88
ATM1845,Avocado,2.93,63.94,2026-07-25 21:27:02.741830,8,97
ATM1846,Avocado,4.2,63.73,2026-07-25 21:27:02.741833,8,81
ATM1847,Avocado,4.8,63.94,2026-07-25 21:27:02.741835,5,80
ATM1848,Avocado,4.62,42.5,2026-07-25 21:27:02.741837,9,96
ATM1849,Avocado,7.18,55.71,2026-07-25 21:27:02.741840,13,81
ATM1850,Avocado,6.97,64.03,2026-07-25 21:27:02.741842,6,85
ATM1851,Avocado,7.51,54.55,2026-07-25 21:27:02.741845,3,82
ATM1852,Avocado,2.44,41.66,2026-07-25 21:27:02.741847,10,99
ATM1853,Avocado,3.45,60.99,2026-07-25 21:27:02.741849,15,89
ATM1854,Avocado,2.15,54.85,2026-07-25 21:27:02.741852,1,90
ATM1855,Avocado,3.61,47.57,2026-07-25 21:27:02.741854,10,91
ATM1856,Avocado,4.36,48.59,2026-07-25 21:27:02.741857,2,88
ATM1857,Avocado,6.47,48.7,2026-07-25 21:27:02.741859,1,97
ATM1858,Avocado,5.09,56.73,2026-07-25 21:27:02.741862,12,98
ATM1859,Avocado,6.61,43.32,2026-07-25 21:27:02.741864,15,98
ATM1860,Avocado,5.97,56.96,2026-07-25 21:27:02.741867,4,82
ATM1861,Avocado,7.89,64.09,2026-07-25 21:27:02.741869,14,84
ATM1862,Avocado,3.14,48.96,2026-07-25 21:27:02.741871,9,83
ATM1863,Avocado,3.62,55.67,2026-07-25 21:27:02.741874,3,100
ATM1864,Avocado,5.55,43.88,2026-07-25 21:27:02.741876,14,95
ATM1865,Avocado,4.06,64.9,2026-07-25 21:27:02.741879,3,86
ATM1866,Avocado,3.73,42.48,2026-07-25 21:27:02.741881,7,81
ATM1867,Avocado,2.68,52.46,2026-07-25 21:27:02.741884,8,84
ATM1868,Avocado,5.45,62.23,2026-07-25 21:27:02.741886,14,94
ATM1869,Avocado,3.92,58.02,2026-07-25 21:27:02.741888,12,80
ATM1870,Avocado,4.76,60.6,2026-07-25 21:27:02.741891,3,92
ATM1871,Avocado,2.73,69.67,2026-07-25 21:27:02.741893,3,95
ATM1872,Avocado,5.12,64.24,2026-07-25 21:27:02.741896,11,80
ATM1873,Avocado,2.61,52.96,2026-07-25 21:27:02.741898,1,82
ATM1874,Avocado,5.77,42.89,2026-07-25 21:27:02.741901,13,100
ATM1875,Avocado,7.14,51.6,2026-07-25 21:27:02.741903,13,97
ATM1876,Avocado,2.68,65.85,2026-07-25 21:27:02.741906,5,98
ATM1877,Avocado,5.88,63.18,2026-07-25 21:27:02.741908,1,82
ATM1878,Avocado,6.24,59.8,2026-07-25 21:27:02.741910,1,90
ATM1879,Avocado,4.52,63.99,2026-07-25 21:27:02.741913,6,99
ATM1880,Avocado,7.41,44.97,2026-07-25 21:27:02.741915,13,92
ATM1881,Avocado,6.47,51.96,2026-07-25 21:27:02.741918,4,88
ATM1882,Avocado,6.2,48.41,2026-07-25 21:27:02.741920,1,92
ATM1883,Avocado,6.0,52.51,2026-07-25 21:27:02.741923,14,93
ATM1884,Avocado,6.88,63.52,2026-07-25 21:27:02.741925,8,94
ATM1885,Avocado,2.05,47.61,2026-07-25 21:27:02.741927,14,91
ATM1886,Avocado,5.85,49.19,2026-07-25 21:27:02.741930,1,91
ATM1887,Avocado,7.38,58.61,2026-07-25 21:27:02.741932,14,87
ATM1888,Avocado,5.17,40.4,2026-07-25 21:27:02.741935,9,80
ATM1889,Avocado,3.47,58.74,2026-07-25 21:27:02.741937,5,81
ATM1890,Avocado,2.4,57.58,2026-07-25 21:27:02.741939,9,80
ATM1891,Avocado,3.66,61.93,2026-07-25 21:27:02.741942,5,87
ATM1892,Avocado,2.51,63.01,2026-07-25 21:27:02.741944,5,85
ATM1893,Avocado,4.12,50.21,2026-07-25 21:27:02.741947,12,100
ATM1894,Avocado,3.04,52.31,2026-07-25 21:27:02.741949,15,84
ATM1895,Avocado,6.99,41.23,2026-07-25 21:27:02.741952,1,85
ATM1896,Avocado,2.98,47.93,2026-07-25 21:27:02.741954,6,92
ATM1897,Avocado,5.24,54.12,2026-07-25 21:27:02.741957,15,95
ATM1898,Avocado,4.26,44.84,2026-07-25 21:27:02.741959,10,91
ATM1899,Avocado,5.55,69.46,2026-07-25 21:27:02.741961,14,100
ATM1900,Avocado,6.65,40.04,2026-07-25 21:27:02.741964,12,82
ATM1901,Avocado,4.5,43.14,2026-07-25 21:27:02.741967,11,99
ATM1902,Avocado,4.8,67.56,2026-07-25 21:27:02.741969,10,98
ATM1903,Avocado,5.91,55.16,2026-07-25 21:27:02.741971,10,98
ATM1904,Avocado,7.73,68.61,2026-07-25 21:27:02.741974,6,98
ATM1905,Avocado,7.05,68.98,2026-07-25 21:27:02.741976,5,100
ATM1906,Avocado,6.54,64.93,2026-07-25 21:27:02.741979,8,82
ATM1907,Avocado,5.09,59.31,2026-07-25 21:27:02.741981,10,98
ATM1908,Avocado,4.38,59.63,2026-07-25 21:27:02.741989,15,86
ATM1909,Avocado,5.08,47.12,2026-07-25 21:27:02.741992,11,99
ATM1910,Avocado,6.66,44.02,2026-07-25 21:27:02.741994,9,80
ATM1911,Avocado,7.7,52.48,2026-07-25 21:27:02.741997,7,89
ATM1912,Avocado,5.72,69.1,2026-07-25 21:27:02.741999,3,98
ATM1913,Avocado,3.64,57.11,2026-07-25 21:27:02.742002,2,90
ATM1914,Avocado,4.33,56.13,2026-07-25 21:27:02.742004,14,82
ATM1915,Avocado,4.0,60.78,2026-07-25 21:27:02.742007,10,90
ATM1916,Avocado,6.55,41.72,2026-07-25 21:27:02.742009,6,90
ATM1917,Avocado,6.64,40.58,2026-07-25 21:27:02.742011,10,94
ATM1918,Avocado,7.6,40.48,2026-07-25 21:27:02.742014,2,90
ATM1919,Avocado,7.64,57.92,2026-07-25 21:27:02.742016,5,94
ATM1920,Avocado,4.18,48.06,2026-07-25 21:27:02.742019,11,90
ATM1921,Avocado,2.74,42.22,2026-07-25 21:27:02.742021,13,80
ATM1922,Avocado,3.37,57.47,2026-07-25 21:27:02.742024,15,87
ATM1923,Avocado,4.31,62.5,2026-07-25 21:27:02.742026,5,87
ATM1924,Avocado,6.97,62.1,2026-07-25 21:27:02.742029,3,90
ATM1925,Avocado,5.17,67.9,2026-07-25 21:27:02.742031,15,96
ATM1926,Avocado,4.57,68.17,2026-07-25 21:27:02.742034,11,89
ATM1927,Avocado,6.38,40.64,2026-07-25 21:27:02.742036,2,81
ATM1928,Avocado,6.52,69.32,2026-07-25 21:27:02.742038,6,98
ATM1929,Avocado,7.29,62.77,2026-07-25 21:27:02.742041,6,82
ATM1930,Avocado,6.75,45.97,2026-07-25 21:27:02.742043,2,93
ATM1931,Avocado,7.84,45.42,2026-07-25 21:27:02.742046,2,93
ATM1932,Avocado,7.3,62.96,2026-07-25 21:27:02.742048,5,92
ATM1933,Avocado,7.69,44.31,2026-07-25 21:27:02.742051,3,95
ATM1934,Avocado,6.66,42.07,2026-07-25 21:27:02.742053,7,100
ATM1935,Avocado,5.64,58.5,2026-07-25 21:27:02.742055,1,98
ATM1936,Avocado,5.19,53.59,2026-07-25 21:27:02.742058,14,94
ATM1937,Avocado,7.0,58.68,2026-07-25 21:27:02.742060,1,99
ATM1938,Avocado,4.44,54.54,2026-07-25 21:27:02.742063,7,86
ATM1939,Avocado,4.67,52.48,2026-07-25 21:27:02.742065,9,85
ATM1940,Avocado,2.08,61.24,2026-07-25 21:27:02.742067,4,81
ATM1941,Avocado,7.07,46.35,2026-07-25 21:27:02.742070,4,85
ATM1942,Avocado,2.09,69.32,2026-07-25 21:27:02.742072,3,99
ATM1943,Avocado,3.66,42.04,2026-07-25 21:27:02.742075,8,90
ATM1944,Avocado,6.38,51.59,2026-07-25 21:27:02.742077,3,94
ATM1945,Avocado,6.58,44.64,2026-07-25 21:27:02.742080,5,89
ATM1946,Avocado,6.15,66.62,2026-07-25 21:27:02.742082,7,94
ATM1947,Avocado,7.16,52.6,2026-07-25 21:27:02.742084,11,80
ATM1948,Avocado,7.48,58.44,2026-07-25 21:27:02.742087,6,98
ATM1949,Avocado,7.97,53.89,2026-07-25 21:27:02.742089,11,99
ATM1950,Avocado,5.07,53.14,2026-07-25 21:27:02.742092,5,93
ATM1951,Avocado,5.02,63.2,2026-07-25 21:27:02.742094,6,98
ATM1952,Avocado,5.74,48.86,2026-07-25 21:27:02.742097,1,88
ATM1953,Avocado,7.58,66.49,2026-07-25 21:27:02.742099,4,80
ATM1954,Avocado,5.73,45.83,2026-07-25 21:27:02.742101,1,81
ATM1955,Avocado,7.19,48.06,2026-07-25 21:27:02.742104,3,88
ATM1956,Avocado,2.6,54.76,2026-07-25 21:27:02.742106,3,91
ATM1957,Avocado,5.86,52.47,2026-07-25 21:27:02.742109,5,83
ATM1958,Avocado,2.08,67.91,2026-07-25 21:27:02.742111,3,95
ATM1959,Avocado,4.55,59.74,2026-07-25 21:27:02.742113,5,88
ATM1960,Avocado,5.66,43.25,2026-07-25 21:27:02.742116,10,86
ATM1961,Avocado,3.4,59.18,2026-07-25 21:27:02.742118,11,94
ATM1962,Avocado,5.69,40.65,2026-07-25 21:27:02.742121,3,98
ATM1963,Avocado,4.33,53.91,2026-07-25 21:27:02.742123,5,82
ATM1964,Avocado,7.55,48.44,2026-07-25 21:27:02.742126,14,95
ATM1965,Avocado,2.42,68.02,2026-07-25 21:27:02.742128,8,83
ATM1966,Avocado,2.29,44.92,2026-07-25 21:27:02.742131,8,94
ATM1967,Avocado,6.62,56.35,2026-07-25 21:27:02.742133,1,97
ATM1968,Avocado,4.29,64.56,2026-07-25 21:27:02.742136,5,88
ATM1969,Avocado,6.48,65.43,2026-07-25 21:27:02.742138,11,90
ATM1970,Avocado,5.19,54.53,2026-07-25 21:27:02.742140,2,99
ATM1971,Avocado,4.54,51.83,2026-07-25 21:27:02.742143,10,100
ATM1972,Avocado,4.2,47.33,2026-07-25 21:27:02.742145,11,99
ATM1973,Avocado,3.42,41.31,2026-07-25 21:27:02.742148,14,98
ATM1974,Avocado,3.97,55.99,2026-07-25 21:27:02.742150,9,81
ATM1975,Avocado,5.76,57.99,2026-07-25 21:27:02.742153,2,80
ATM1976,Avocado,7.39,69.54,2026-07-25 21:27:02.742155,10,84
ATM1977,Avocado,2.52,47.64,2026-07-25 21:27:02.742158,10,98
ATM1978,Avocado,2.29,52.86,2026-07-25 21:27:02.742160,1,92
ATM1979,Avocado,3.57,53.23,2026-07-25 21:27:02.742162,6,90
ATM1980,Avocado,4.27,56.24,2026-07-25 21:27:02.742165,3,86
ATM1981,Avocado,5.84,65.85,2026-07-25 21:27:02.742167,11,85
ATM1982,Avocado,3.86,55.36,2026-07-25 21:27:02.742170,7,90
ATM1983,Avocado,6.89,56.54,2026-07-25 21:27:02.742172,10,80
ATM1984,Avocado,2.27,48.77,2026-07-25 21:27:02.742175,15,84
ATM1985,Avocado,5.56,41.24,2026-07-25 21:27:02.742177,10,80
ATM1986,Avocado,6.34,61.46,2026-07-25 21:27:02.742180,15,89
ATM1987,Avocado,5.18,66.57,2026-07-25 21:27:02.742182,14,98
ATM1988,Avocado,3.79,56.51,2026-07-25 21:27:02.742185,2,84
ATM1989,Avocado,7.07,68.42,2026-07-25 21:27:02.742187,12,89
ATM1990,Avocado,3.27,65.9,2026-07-25 21:27:02.742190,12,99
ATM1991,Avocado,4.47,41.58,2026-07-25 21:27:02.742192,1,90
ATM1992,Avocado,3.23,56.8,2026-07-25 21:27:02.742195,5,96
ATM1993,Avocado,2.39,55.5,2026-07-25 21:27:02.742197,13,98
ATM1994,Avocado,5.83,44.88,2026-07-25 21:27:02.742200,15,100
ATM1995,Avocado,4.19,61.01,2026-07-25 21:27:02.742202,9,97
ATM1996,Avocado,5.78,66.9,2026-07-25 21:27:02.742205,3,83
ATM1997,Avocado,5.2,54.79,2026-07-25 21:27:02.742207,4,91
ATM1998,Avocado,4.98,44.11,2026-07-25 21:27:02.742209,1,80
ATM1999,Avocado,7.08,64.39,2026-07-25 21:27:02.742212,12,88
ATM2000,Avocado,3.69,51.77,2026-07-25 21:27:02.742214,14,98
